transaction_id,user_id,amount,merchant,location,device_id,timestamp,is_actual_fraud
TX_000001,84,74.61,Spotify,US,DEV_439,2026-02-22T02:55:55.769545,False
TX_000002,50,76.76,Starbucks,AU,DEV_447,2026-02-21T04:55:55.769545,False
TX_000003,11,102.02,Spotify,CA,DEV_844,2026-02-23T17:55:55.769545,False
TX_000004,70,122.48,Spotify,UK,DEV_400,2026-02-22T15:55:55.769545,False
TX_000005,58,68.94,Target,CA,DEV_717,2026-02-23T18:55:55.769545,False
TX_000006,94,91.56,Starbucks,US,DEV_990,2026-02-22T23:55:55.769545,False
TX_000007,10,89.81,Netflix,US,DEV_787,2026-02-26T00:55:55.769545,False
TX_000008,4,105.05,Netflix,UK,DEV_246,2026-02-25T16:55:55.769545,False
TX_000009,31,90.44,Walmart,US,DEV_897,2026-02-26T02:55:55.769545,False
TX_000010,78,79.66,Uber,US,DEV_257,2026-02-24T00:55:55.769545,False
TX_000011,74,77.54,Spotify,US,DEV_240,2026-02-24T20:55:55.769545,False
TX_000012,15,66.31,Target,UK,DEV_126,2026-02-21T04:55:55.769545,False
TX_000013,34,80.46,Uber,US,DEV_893,2026-02-21T23:55:55.769545,False
TX_000014,89,46.84,Uber,CA,DEV_602,2026-02-21T08:55:55.769545,False
TX_000015,92,171.3,Starbucks,UK,DEV_555,2026-02-20T03:55:55.769545,False
TX_000016,91,193.67,Target,CA,DEV_166,2026-02-25T01:55:55.769545,False
TX_000017,92,178.81,Spotify,UK,DEV_826,2026-02-26T00:55:55.769545,False
TX_000018,26,75.49,Walmart,US,DEV_911,2026-02-20T16:55:55.769545,False
TX_000019,60,101.33,Target,CA,DEV_922,2026-02-25T02:55:55.769545,False
TX_000020,51,177.43,Amazon,CA,DEV_834,2026-02-24T07:55:55.769545,False
TX_000021,17,154.99,Spotify,US,DEV_424,2026-02-26T01:55:55.769545,False
TX_000022,17,95.84,Uber,CA,DEV_999,2026-02-25T02:55:55.769545,False
TX_000023,65,40.48,Walmart,AU,DEV_989,2026-02-19T19:55:55.769545,False
TX_000024,21,106.03,Target,UK,DEV_430,2026-02-21T14:55:55.769545,False
TX_000025,33,188.48,Target,US,DEV_301,2026-02-25T23:55:55.769545,False
TX_000026,79,58.52,Netflix,CA,DEV_646,2026-02-20T04:55:55.769545,False
TX_000027,22,37.88,Uber,UK,DEV_774,2026-02-25T20:55:55.769545,False
TX_000028,4,123.0,Spotify,US,DEV_183,2026-02-19T16:55:55.769545,False
TX_000029,99,155.35,Target,UK,DEV_685,2026-02-23T15:55:55.769545,False
TX_000030,83,10.91,Netflix,CA,DEV_409,2026-02-24T08:55:55.769545,False
TX_000031,59,162.43,Starbucks,CA,DEV_174,2026-02-19T20:55:55.769545,False
TX_000032,44,86.05,Starbucks,UK,DEV_721,2026-02-20T17:55:55.769545,False
TX_000033,52,145.08,Netflix,CA,DEV_233,2026-02-23T03:55:55.769545,False
TX_000034,16,25.71,Walmart,AU,DEV_373,2026-02-24T00:55:55.769545,False
TX_000035,79,23.88,Target,AU,DEV_528,2026-02-21T20:55:55.769545,False
TX_000036,74,180.95,Spotify,CA,DEV_838,2026-02-22T13:55:55.769545,False
TX_000037,64,36.07,Uber,AU,DEV_415,2026-02-24T12:55:55.769545,False
TX_000038,28,2879.51,Amazon,RU,DEV_697,2026-02-22T23:55:55.769545,True
TX_000039,37,59.86,Uber,AU,DEV_649,2026-02-19T07:55:55.769545,False
TX_000040,98,89.03,Target,CA,DEV_512,2026-02-23T02:55:55.769545,False
TX_000041,47,14.98,Uber,UK,DEV_666,2026-02-22T06:55:55.769545,False
TX_000042,80,103.33,Spotify,CA,DEV_796,2026-02-25T17:55:55.769545,False
TX_000043,44,195.14,Starbucks,CA,DEV_671,2026-02-23T02:55:55.769545,False
TX_000044,65,43.82,Uber,AU,DEV_141,2026-02-19T16:55:55.769545,False
TX_000045,67,144.15,Spotify,AU,DEV_567,2026-02-20T19:55:55.769545,False
TX_000046,21,105.52,Target,CA,DEV_502,2026-02-25T18:55:55.769545,False
TX_000047,91,63.35,Target,AU,DEV_676,2026-02-22T09:55:55.769545,False
TX_000048,54,8.24,Target,US,DEV_697,2026-02-22T11:55:55.769545,False
TX_000049,77,146.44,Netflix,US,DEV_585,2026-02-22T00:55:55.769545,False
TX_000050,93,157.67,Spotify,UK,DEV_152,2026-02-25T10:55:55.769545,False
TX_000051,19,107.23,Netflix,AU,DEV_941,2026-02-21T19:55:55.769545,False
TX_000052,3,189.9,Amazon,UK,DEV_551,2026-02-22T13:55:55.769545,False
TX_000053,65,85.53,Walmart,AU,DEV_893,2026-02-25T17:55:55.769545,False
TX_000054,91,175.2,Netflix,US,DEV_241,2026-02-24T17:55:55.769545,False
TX_000055,68,68.38,Netflix,AU,DEV_485,2026-02-22T13:55:55.769545,False
TX_000056,70,94.63,Uber,CA,DEV_462,2026-02-26T01:55:55.769545,False
TX_000057,32,56.55,Starbucks,UK,DEV_385,2026-02-25T03:55:55.769545,False
TX_000058,91,188.59,Target,CA,DEV_312,2026-02-24T10:55:55.769545,False
TX_000059,37,73.02,Spotify,CA,DEV_224,2026-02-25T07:55:55.769545,False
TX_000060,99,79.04,Starbucks,CA,DEV_923,2026-02-20T18:55:55.769545,False
TX_000061,45,61.09,Netflix,US,DEV_552,2026-02-26T04:55:55.769545,False
TX_000062,72,98.42,Walmart,CA,DEV_812,2026-02-22T02:55:55.769545,False
TX_000063,32,125.06,Uber,UK,DEV_151,2026-02-24T20:55:55.769545,False
TX_000064,43,50.4,Amazon,AU,DEV_834,2026-02-24T05:55:55.769545,False
TX_000065,53,155.3,Amazon,UK,DEV_768,2026-02-24T06:55:55.769545,False
TX_000066,37,43.89,Target,CA,DEV_761,2026-02-19T20:55:55.769545,False
TX_000067,69,22.44,Uber,UK,DEV_856,2026-02-19T14:55:55.769545,False
TX_000068,5,39.14,Spotify,UK,DEV_956,2026-02-23T10:55:55.769545,False
TX_000069,5,41.33,Netflix,CA,DEV_109,2026-02-22T09:55:55.769545,False
TX_000070,59,25.92,Target,CA,DEV_756,2026-02-25T00:55:55.769545,False
TX_000071,35,178.41,Walmart,AU,DEV_297,2026-02-20T09:55:55.769545,False
TX_000072,92,147.57,Netflix,CA,DEV_290,2026-02-19T08:55:55.769545,False
TX_000073,23,159.2,Uber,UK,DEV_725,2026-02-26T00:55:55.769545,False
TX_000074,12,166.26,Uber,CA,DEV_510,2026-02-20T05:55:55.769545,False
TX_000075,1,32.42,Target,UK,DEV_367,2026-02-23T07:55:55.769545,False
TX_000076,75,151.98,Target,CA,DEV_840,2026-02-25T07:55:55.769545,False
TX_000077,86,2238.1,Unknown Store,RU,DEV_221,2026-02-24T04:55:55.769545,True
TX_000078,89,84.06,Uber,CA,DEV_220,2026-02-26T00:55:55.769545,False
TX_000079,29,62.53,Uber,UK,DEV_236,2026-02-24T07:55:55.769545,False
TX_000080,54,150.81,Uber,CA,DEV_818,2026-02-25T01:55:55.769545,False
TX_000081,98,152.68,Spotify,UK,DEV_353,2026-02-25T13:55:55.769545,False
TX_000082,10,20.96,Starbucks,CA,DEV_677,2026-02-20T09:55:55.769545,False
TX_000083,74,111.79,Uber,UK,DEV_649,2026-02-20T19:55:55.769545,False
TX_000084,88,171.62,Starbucks,US,DEV_310,2026-02-25T10:55:55.769545,False
TX_000085,59,180.28,Starbucks,US,DEV_235,2026-02-24T16:55:55.769545,False
TX_000086,87,114.96,Uber,AU,DEV_926,2026-02-22T11:55:55.769545,False
TX_000087,96,82.21,Spotify,US,DEV_323,2026-02-25T09:55:55.769545,False
TX_000088,70,87.62,Netflix,US,DEV_161,2026-02-19T22:55:55.769545,False
TX_000089,24,97.05,Target,AU,DEV_887,2026-02-20T15:55:55.769545,False
TX_000090,48,195.77,Netflix,AU,DEV_491,2026-02-23T23:55:55.769545,False
TX_000091,88,181.82,Starbucks,US,DEV_777,2026-02-24T23:55:55.769545,False
TX_000092,69,172.76,Amazon,UK,DEV_502,2026-02-24T20:55:55.769545,False
TX_000093,97,195.85,Spotify,US,DEV_123,2026-02-22T09:55:55.769545,False
TX_000094,30,145.22,Starbucks,AU,DEV_353,2026-02-24T02:55:55.769545,False
TX_000095,5,58.75,Netflix,US,DEV_928,2026-02-23T16:55:55.769545,False
TX_000096,27,187.57,Amazon,UK,DEV_168,2026-02-20T06:55:55.769545,False
TX_000097,32,92.06,Netflix,US,DEV_858,2026-02-19T16:55:55.769545,False
TX_000098,18,50.7,Walmart,US,DEV_615,2026-02-22T07:55:55.769545,False
TX_000099,74,183.7,Uber,CA,DEV_712,2026-02-22T15:55:55.769545,False
TX_000100,53,175.87,Netflix,UK,DEV_407,2026-02-22T03:55:55.769545,False
TX_000101,81,189.96,Netflix,UK,DEV_795,2026-02-23T18:55:55.769545,False
TX_000102,68,14.14,Target,AU,DEV_426,2026-02-23T15:55:55.769545,False
TX_000103,31,63.48,Walmart,AU,DEV_969,2026-02-21T14:55:55.769545,False
TX_000104,8,142.98,Spotify,AU,DEV_675,2026-02-23T14:55:55.769545,False
TX_000105,32,113.67,Walmart,AU,DEV_361,2026-02-21T09:55:55.769545,False
TX_000106,12,20.42,Starbucks,CA,DEV_648,2026-02-21T05:55:55.769545,False
TX_000107,10,78.55,Uber,US,DEV_292,2026-02-25T11:55:55.769545,False
TX_000108,43,113.98,Starbucks,UK,DEV_410,2026-02-19T08:55:55.769545,False
TX_000109,96,42.05,Netflix,US,DEV_872,2026-02-24T07:55:55.769545,False
TX_000110,51,140.65,Netflix,UK,DEV_345,2026-02-25T02:55:55.769545,False
TX_000111,40,60.2,Starbucks,CA,DEV_367,2026-02-23T01:55:55.769545,False
TX_000112,98,101.97,Amazon,AU,DEV_959,2026-02-22T14:55:55.769545,False
TX_000113,73,77.29,Starbucks,US,DEV_984,2026-02-21T13:55:55.769545,False
TX_000114,38,8.16,Uber,AU,DEV_256,2026-02-21T07:55:55.769545,False
TX_000115,64,79.07,Spotify,UK,DEV_663,2026-02-26T04:55:55.769545,False
TX_000116,93,70.83,Spotify,AU,DEV_757,2026-02-24T10:55:55.769545,False
TX_000117,18,147.89,Target,UK,DEV_837,2026-02-25T00:55:55.769545,False
TX_000118,68,183.8,Uber,US,DEV_134,2026-02-20T00:55:55.769545,False
TX_000119,53,135.3,Spotify,US,DEV_240,2026-02-25T22:55:55.769545,False
TX_000120,65,142.9,Amazon,UK,DEV_566,2026-02-23T04:55:55.769545,False
TX_000121,85,129.36,Uber,AU,DEV_599,2026-02-19T09:55:55.769545,False
TX_000122,68,2013.62,Unknown Store,RU,DEV_839,2026-02-22T03:55:55.769545,True
TX_000123,23,60.9,Uber,AU,DEV_209,2026-02-20T05:55:55.769545,False
TX_000124,46,51.99,Uber,CA,DEV_373,2026-02-23T10:55:55.769545,False
TX_000125,90,192.06,Starbucks,UK,DEV_331,2026-02-22T09:55:55.769545,False
TX_000126,12,170.33,Netflix,US,DEV_515,2026-02-23T06:55:55.769545,False
TX_000127,90,97.82,Netflix,US,DEV_275,2026-02-20T02:55:55.769545,False
TX_000128,73,89.61,Spotify,CA,DEV_978,2026-02-20T05:55:55.769545,False
TX_000129,89,184.23,Walmart,UK,DEV_680,2026-02-24T06:55:55.769545,False
TX_000130,70,185.21,Netflix,CA,DEV_677,2026-02-19T13:55:55.769545,False
TX_000131,76,170.83,Amazon,UK,DEV_247,2026-02-23T10:55:55.769545,False
TX_000132,73,63.36,Uber,UK,DEV_954,2026-02-23T08:55:55.769545,False
TX_000133,89,110.41,Starbucks,UK,DEV_841,2026-02-20T01:55:55.769545,False
TX_000134,56,194.99,Amazon,US,DEV_337,2026-02-20T00:55:55.769545,False
TX_000135,100,154.96,Uber,AU,DEV_434,2026-02-19T12:55:55.769545,False
TX_000136,30,157.79,Starbucks,AU,DEV_464,2026-02-25T02:55:55.769545,False
TX_000137,11,89.21,Netflix,AU,DEV_890,2026-02-25T19:55:55.769545,False
TX_000138,35,53.06,Amazon,US,DEV_257,2026-02-23T06:55:55.769545,False
TX_000139,41,128.61,Netflix,AU,DEV_469,2026-02-20T08:55:55.769545,False
TX_000140,98,188.88,Starbucks,CA,DEV_376,2026-02-20T07:55:55.769545,False
TX_000141,14,41.54,Starbucks,AU,DEV_126,2026-02-20T03:55:55.769545,False
TX_000142,50,23.15,Uber,CA,DEV_112,2026-02-22T07:55:55.769545,False
TX_000143,74,156.94,Netflix,UK,DEV_633,2026-02-21T00:55:55.769545,False
TX_000144,35,38.05,Target,CA,DEV_604,2026-02-20T18:55:55.769545,False
TX_000145,62,89.76,Starbucks,CA,DEV_901,2026-02-20T00:55:55.769545,False
TX_000146,77,189.12,Netflix,AU,DEV_731,2026-02-21T07:55:55.769545,False
TX_000147,43,31.42,Amazon,AU,DEV_961,2026-02-25T19:55:55.769545,False
TX_000148,56,173.13,Starbucks,CA,DEV_935,2026-02-26T03:55:55.769545,False
TX_000149,62,31.54,Target,UK,DEV_421,2026-02-21T02:55:55.769545,False
TX_000150,74,193.9,Target,AU,DEV_900,2026-02-21T19:55:55.769545,False
TX_000151,47,59.66,Spotify,AU,DEV_216,2026-02-25T05:55:55.769545,False
TX_000152,94,199.47,Walmart,US,DEV_572,2026-02-21T10:55:55.769545,False
TX_000153,53,61.81,Netflix,US,DEV_789,2026-02-24T12:55:55.769545,False
TX_000154,92,64.05,Target,UK,DEV_533,2026-02-23T05:55:55.769545,False
TX_000155,69,198.19,Starbucks,AU,DEV_618,2026-02-23T16:55:55.769545,False
TX_000156,14,159.19,Target,US,DEV_887,2026-02-21T20:55:55.769545,False
TX_000157,73,74.23,Netflix,US,DEV_760,2026-02-26T02:55:55.769545,False
TX_000158,14,151.77,Spotify,AU,DEV_110,2026-02-20T06:55:55.769545,False
TX_000159,58,104.58,Uber,UK,DEV_483,2026-02-23T09:55:55.769545,False
TX_000160,45,137.51,Netflix,UK,DEV_125,2026-02-24T08:55:55.769545,False
TX_000161,94,86.12,Amazon,US,DEV_245,2026-02-22T22:55:55.769545,False
TX_000162,45,93.79,Walmart,AU,DEV_587,2026-02-20T05:55:55.769545,False
TX_000163,39,140.87,Target,US,DEV_145,2026-02-20T10:55:55.769545,False
TX_000164,22,1554.77,Unknown Store,NG,DEV_858,2026-02-21T19:55:55.769545,True
TX_000165,60,112.62,Target,AU,DEV_337,2026-02-23T12:55:55.769545,False
TX_000166,51,41.35,Netflix,AU,DEV_129,2026-02-25T18:55:55.769545,False
TX_000167,1,92.67,Starbucks,AU,DEV_821,2026-02-21T11:55:55.769545,False
TX_000168,74,151.7,Spotify,US,DEV_204,2026-02-24T22:55:55.769545,False
TX_000169,34,68.57,Starbucks,US,DEV_786,2026-02-24T10:55:55.769545,False
TX_000170,79,129.63,Uber,AU,DEV_501,2026-02-25T11:55:55.769545,False
TX_000171,87,73.64,Starbucks,UK,DEV_822,2026-02-22T09:55:55.769545,False
TX_000172,41,120.08,Netflix,UK,DEV_220,2026-02-21T18:55:55.769545,False
TX_000173,66,40.69,Netflix,UK,DEV_497,2026-02-23T16:55:55.769545,False
TX_000174,63,117.09,Starbucks,UK,DEV_750,2026-02-24T22:55:55.769545,False
TX_000175,63,130.83,Walmart,UK,DEV_395,2026-02-20T16:55:55.769545,False
TX_000176,46,169.19,Uber,US,DEV_109,2026-02-24T09:55:55.769545,False
TX_000177,53,163.97,Uber,AU,DEV_801,2026-02-24T10:55:55.769545,False
TX_000178,11,168.78,Starbucks,UK,DEV_678,2026-02-19T12:55:55.769545,False
TX_000179,29,48.0,Amazon,CA,DEV_650,2026-02-22T06:55:55.769545,False
TX_000180,71,94.18,Netflix,AU,DEV_623,2026-02-20T09:55:55.769545,False
TX_000181,70,57.24,Uber,CA,DEV_942,2026-02-19T15:55:55.769545,False
TX_000182,14,91.07,Walmart,AU,DEV_853,2026-02-26T04:55:55.769545,False
TX_000183,34,63.05,Amazon,AU,DEV_456,2026-02-20T03:55:55.769545,False
TX_000184,27,198.82,Spotify,UK,DEV_930,2026-02-25T11:55:55.769545,False
TX_000185,22,172.9,Uber,AU,DEV_730,2026-02-20T16:55:55.769545,False
TX_000186,73,163.64,Spotify,US,DEV_459,2026-02-24T21:55:55.769545,False
TX_000187,38,110.06,Target,CA,DEV_686,2026-02-22T01:55:55.769545,False
TX_000188,18,105.31,Netflix,US,DEV_868,2026-02-23T14:55:55.769545,False
TX_000189,90,198.53,Spotify,UK,DEV_986,2026-02-20T14:55:55.769545,False
TX_000190,98,143.72,Spotify,UK,DEV_963,2026-02-23T09:55:55.769545,False
TX_000191,49,117.6,Target,AU,DEV_562,2026-02-20T00:55:55.769545,False
TX_000192,66,176.62,Amazon,AU,DEV_867,2026-02-22T04:55:55.769545,False
TX_000193,42,176.08,Starbucks,AU,DEV_695,2026-02-19T05:55:55.769545,False
TX_000194,82,170.2,Amazon,AU,DEV_780,2026-02-23T00:55:55.769545,False
TX_000195,55,160.16,Starbucks,UK,DEV_944,2026-02-21T11:55:55.769545,False
TX_000196,71,67.96,Target,CA,DEV_691,2026-02-20T14:55:55.769545,False
TX_000197,6,99.64,Target,US,DEV_201,2026-02-25T21:55:55.769545,False
TX_000198,57,94.62,Amazon,UK,DEV_567,2026-02-19T05:55:55.769545,False
TX_000199,84,88.42,Netflix,UK,DEV_409,2026-02-20T21:55:55.769545,False
TX_000200,33,175.94,Amazon,CA,DEV_184,2026-02-23T04:55:55.769545,False
TX_000201,81,131.54,Amazon,AU,DEV_412,2026-02-21T16:55:55.769545,False
TX_000202,28,22.78,Amazon,US,DEV_588,2026-02-20T00:55:55.769545,False
TX_000203,2,49.11,Netflix,AU,DEV_108,2026-02-22T20:55:55.769545,False
TX_000204,62,197.69,Starbucks,UK,DEV_172,2026-02-21T15:55:55.769545,False
TX_000205,41,147.5,Amazon,US,DEV_476,2026-02-22T09:55:55.769545,False
TX_000206,83,155.82,Spotify,UK,DEV_793,2026-02-20T17:55:55.769545,False
TX_000207,57,114.84,Uber,UK,DEV_459,2026-02-21T11:55:55.769545,False
TX_000208,28,34.52,Starbucks,AU,DEV_188,2026-02-20T06:55:55.769545,False
TX_000209,45,29.02,Netflix,AU,DEV_539,2026-02-22T13:55:55.769545,False
TX_000210,32,53.32,Netflix,US,DEV_666,2026-02-25T14:55:55.769545,False
TX_000211,85,123.48,Spotify,US,DEV_996,2026-02-22T10:55:55.769545,False
TX_000212,38,123.35,Walmart,AU,DEV_761,2026-02-19T18:55:55.769545,False
TX_000213,50,159.79,Walmart,AU,DEV_215,2026-02-21T18:55:55.769545,False
TX_000214,47,120.82,Uber,US,DEV_424,2026-02-20T14:55:55.769545,False
TX_000215,70,168.6,Starbucks,CA,DEV_799,2026-02-21T01:55:55.769545,False
TX_000216,3,191.12,Spotify,US,DEV_701,2026-02-19T22:55:55.769545,False
TX_000217,65,1274.63,Unknown Store,CN,DEV_393,2026-02-25T21:55:55.769545,True
TX_000218,11,154.59,Starbucks,AU,DEV_755,2026-02-24T22:55:55.769545,False
TX_000219,11,34.77,Amazon,CA,DEV_623,2026-02-21T09:55:55.769545,False
TX_000220,76,35.3,Target,AU,DEV_749,2026-02-26T03:55:55.769545,False
TX_000221,94,17.89,Netflix,AU,DEV_966,2026-02-21T18:55:55.769545,False
TX_000222,59,21.81,Starbucks,US,DEV_726,2026-02-25T16:55:55.769545,False
TX_000223,16,134.89,Netflix,UK,DEV_112,2026-02-20T16:55:55.769545,False
TX_000224,22,36.95,Target,CA,DEV_480,2026-02-20T13:55:55.769545,False
TX_000225,99,175.32,Netflix,US,DEV_130,2026-02-22T18:55:55.769545,False
TX_000226,92,58.04,Amazon,CA,DEV_690,2026-02-25T21:55:55.769545,False
TX_000227,64,93.76,Target,US,DEV_979,2026-02-25T06:55:55.769545,False
TX_000228,74,35.68,Spotify,US,DEV_790,2026-02-20T10:55:55.769545,False
TX_000229,32,104.22,Amazon,US,DEV_147,2026-02-24T05:55:55.769545,False
TX_000230,71,184.44,Walmart,US,DEV_922,2026-02-26T04:55:55.769545,False
TX_000231,35,67.75,Starbucks,CA,DEV_945,2026-02-20T00:55:55.769545,False
TX_000232,23,28.28,Netflix,US,DEV_328,2026-02-24T17:55:55.769545,False
TX_000233,37,191.05,Amazon,AU,DEV_892,2026-02-22T12:55:55.769545,False
TX_000234,26,112.85,Amazon,CA,DEV_398,2026-02-25T05:55:55.769545,False
TX_000235,48,149.22,Walmart,AU,DEV_705,2026-02-24T11:55:55.769545,False
TX_000236,20,156.3,Netflix,UK,DEV_106,2026-02-23T13:55:55.769545,False
TX_000237,1,1991.4,Unknown Store,CN,DEV_877,2026-02-23T05:55:55.769545,True
TX_000238,68,146.81,Amazon,UK,DEV_343,2026-02-23T16:55:55.769545,False
TX_000239,12,16.68,Walmart,CA,DEV_144,2026-02-21T16:55:55.769545,False
TX_000240,59,106.35,Netflix,CA,DEV_865,2026-02-20T02:55:55.769545,False
TX_000241,10,103.56,Netflix,AU,DEV_706,2026-02-25T06:55:55.769545,False
TX_000242,38,134.18,Walmart,UK,DEV_367,2026-02-22T13:55:55.769545,False
TX_000243,41,81.63,Spotify,CA,DEV_563,2026-02-22T02:55:55.769545,False
TX_000244,20,188.99,Walmart,US,DEV_208,2026-02-20T23:55:55.769545,False
TX_000245,99,66.24,Amazon,CA,DEV_312,2026-02-24T00:55:55.769545,False
TX_000246,21,56.68,Amazon,US,DEV_926,2026-02-22T10:55:55.769545,False
TX_000247,42,140.89,Amazon,UK,DEV_251,2026-02-20T04:55:55.769545,False
TX_000248,87,193.84,Starbucks,US,DEV_406,2026-02-21T23:55:55.769545,False
TX_000249,72,38.9,Starbucks,AU,DEV_866,2026-02-25T01:55:55.769545,False
TX_000250,16,95.1,Spotify,UK,DEV_112,2026-02-19T20:55:55.769545,False
TX_000251,52,196.6,Walmart,UK,DEV_481,2026-02-25T22:55:55.769545,False
TX_000252,10,21.39,Uber,CA,DEV_122,2026-02-19T21:55:55.769545,False
TX_000253,12,130.97,Spotify,UK,DEV_967,2026-02-22T17:55:55.769545,False
TX_000254,74,188.74,Amazon,UK,DEV_543,2026-02-23T10:55:55.769545,False
TX_000255,46,79.63,Starbucks,UK,DEV_319,2026-02-21T04:55:55.769545,False
TX_000256,79,91.97,Walmart,US,DEV_734,2026-02-25T18:55:55.769545,False
TX_000257,8,62.55,Starbucks,AU,DEV_189,2026-02-22T04:55:55.769545,False
TX_000258,81,86.75,Netflix,UK,DEV_921,2026-02-25T00:55:55.769545,False
TX_000259,62,197.93,Spotify,CA,DEV_657,2026-02-24T09:55:55.769545,False
TX_000260,35,115.3,Target,AU,DEV_284,2026-02-19T11:55:55.769545,False
TX_000261,8,47.71,Spotify,CA,DEV_928,2026-02-24T05:55:55.769545,False
TX_000262,13,154.53,Walmart,UK,DEV_353,2026-02-21T18:55:55.769545,False
TX_000263,98,164.18,Netflix,US,DEV_324,2026-02-25T08:55:55.769545,False
TX_000264,23,160.49,Target,UK,DEV_342,2026-02-25T12:55:55.769545,False
TX_000265,91,148.93,Target,US,DEV_817,2026-02-22T23:55:55.769545,False
TX_000266,64,114.9,Uber,UK,DEV_655,2026-02-22T12:55:55.769545,False
TX_000267,78,12.4,Amazon,UK,DEV_324,2026-02-19T10:55:55.769545,False
TX_000268,17,5.13,Uber,UK,DEV_448,2026-02-21T02:55:55.769545,False
TX_000269,3,169.64,Target,US,DEV_251,2026-02-25T11:55:55.769545,False
TX_000270,10,32.62,Amazon,CA,DEV_482,2026-02-23T10:55:55.769545,False
TX_000271,21,70.63,Target,UK,DEV_849,2026-02-23T20:55:55.769545,False
TX_000272,23,192.33,Netflix,CA,DEV_824,2026-02-25T04:55:55.769545,False
TX_000273,29,186.12,Spotify,CA,DEV_781,2026-02-25T11:55:55.769545,False
TX_000274,17,78.78,Netflix,CA,DEV_281,2026-02-19T05:55:55.769545,False
TX_000275,24,190.0,Starbucks,US,DEV_716,2026-02-22T14:55:55.769545,False
TX_000276,64,193.67,Walmart,US,DEV_244,2026-02-22T17:55:55.769545,False
TX_000277,82,51.41,Target,UK,DEV_190,2026-02-26T00:55:55.769545,False
TX_000278,27,70.47,Amazon,CA,DEV_355,2026-02-19T22:55:55.769545,False
TX_000279,7,158.47,Netflix,US,DEV_495,2026-02-23T21:55:55.769545,False
TX_000280,49,193.97,Starbucks,AU,DEV_459,2026-02-25T00:55:55.769545,False
TX_000281,21,166.62,Spotify,UK,DEV_562,2026-02-19T23:55:55.769545,False
TX_000282,34,11.52,Amazon,CA,DEV_207,2026-02-19T23:55:55.769545,False
TX_000283,71,178.15,Walmart,US,DEV_195,2026-02-22T19:55:55.769545,False
TX_000284,56,124.66,Starbucks,US,DEV_769,2026-02-20T23:55:55.769545,False
TX_000285,43,89.67,Amazon,US,DEV_310,2026-02-21T05:55:55.769545,False
TX_000286,85,113.05,Netflix,CA,DEV_388,2026-02-22T09:55:55.769545,False
TX_000287,20,14.68,Uber,AU,DEV_155,2026-02-23T01:55:55.769545,False
TX_000288,13,992.78,Amazon,RU,DEV_126,2026-02-21T09:55:55.769545,True
TX_000289,15,61.9,Amazon,AU,DEV_415,2026-02-23T10:55:55.769545,False
TX_000290,83,179.5,Target,US,DEV_657,2026-02-23T08:55:55.769545,False
TX_000291,58,177.67,Target,UK,DEV_145,2026-02-22T00:55:55.769545,False
TX_000292,73,56.36,Spotify,CA,DEV_163,2026-02-20T19:55:55.769545,False
TX_000293,70,135.16,Amazon,CA,DEV_523,2026-02-25T11:55:55.769545,False
TX_000294,69,16.89,Starbucks,AU,DEV_803,2026-02-24T06:55:55.769545,False
TX_000295,51,50.95,Target,US,DEV_974,2026-02-19T13:55:55.769545,False
TX_000296,16,180.59,Spotify,UK,DEV_875,2026-02-23T23:55:55.769545,False
TX_000297,17,196.95,Walmart,UK,DEV_143,2026-02-23T17:55:55.769545,False
TX_000298,77,138.21,Walmart,UK,DEV_364,2026-02-22T14:55:55.769545,False
TX_000299,50,183.26,Amazon,US,DEV_669,2026-02-23T10:55:55.769545,False
TX_000300,2,172.04,Uber,AU,DEV_905,2026-02-25T20:55:55.769545,False
TX_000301,20,157.43,Amazon,AU,DEV_251,2026-02-25T06:55:55.769545,False
TX_000302,73,152.88,Amazon,US,DEV_898,2026-02-20T06:55:55.769545,False
TX_000303,34,174.16,Target,AU,DEV_492,2026-02-26T04:55:55.769545,False
TX_000304,36,123.75,Amazon,UK,DEV_512,2026-02-20T17:55:55.769545,False
TX_000305,51,137.76,Starbucks,US,DEV_439,2026-02-21T17:55:55.769545,False
TX_000306,3,97.67,Target,CA,DEV_445,2026-02-22T10:55:55.769545,False
TX_000307,30,169.36,Spotify,US,DEV_237,2026-02-22T09:55:55.769545,False
TX_000308,35,91.41,Spotify,CA,DEV_846,2026-02-23T15:55:55.769545,False
TX_000309,53,22.41,Starbucks,UK,DEV_858,2026-02-24T09:55:55.769545,False
TX_000310,66,174.1,Spotify,US,DEV_910,2026-02-20T21:55:55.769545,False
TX_000311,100,143.37,Starbucks,UK,DEV_971,2026-02-24T19:55:55.769545,False
TX_000312,8,10.64,Walmart,UK,DEV_355,2026-02-19T13:55:55.769545,False
TX_000313,36,184.02,Netflix,UK,DEV_477,2026-02-24T03:55:55.769545,False
TX_000314,31,128.9,Amazon,US,DEV_481,2026-02-24T10:55:55.769545,False
TX_000315,76,39.63,Spotify,AU,DEV_664,2026-02-22T22:55:55.769545,False
TX_000316,37,168.34,Target,US,DEV_128,2026-02-23T07:55:55.769545,False
TX_000317,29,171.5,Spotify,UK,DEV_762,2026-02-21T14:55:55.769545,False
TX_000318,100,57.47,Starbucks,US,DEV_885,2026-02-19T07:55:55.769545,False
TX_000319,29,30.8,Walmart,US,DEV_358,2026-02-25T16:55:55.769545,False
TX_000320,55,64.56,Netflix,CA,DEV_485,2026-02-22T22:55:55.769545,False
TX_000321,75,47.55,Target,AU,DEV_204,2026-02-19T06:55:55.769545,False
TX_000322,72,134.16,Spotify,CA,DEV_762,2026-02-25T13:55:55.769545,False
TX_000323,9,63.2,Amazon,AU,DEV_444,2026-02-22T03:55:55.769545,False
TX_000324,25,172.99,Target,CA,DEV_253,2026-02-24T17:55:55.769545,False
TX_000325,85,180.44,Spotify,AU,DEV_427,2026-02-20T16:55:55.769545,False
TX_000326,54,132.8,Target,CA,DEV_514,2026-02-23T08:55:55.769545,False
TX_000327,44,118.69,Uber,UK,DEV_843,2026-02-21T13:55:55.769545,False
TX_000328,65,129.47,Starbucks,CA,DEV_407,2026-02-21T00:55:55.769545,False
TX_000329,13,175.92,Walmart,CA,DEV_582,2026-02-20T13:55:55.769545,False
TX_000330,88,146.41,Uber,UK,DEV_443,2026-02-26T04:55:55.769545,False
TX_000331,54,74.28,Netflix,CA,DEV_907,2026-02-22T17:55:55.769545,False
TX_000332,61,119.19,Starbucks,US,DEV_154,2026-02-25T23:55:55.769545,False
TX_000333,25,189.14,Amazon,AU,DEV_612,2026-02-20T11:55:55.769545,False
TX_000334,7,79.43,Target,AU,DEV_991,2026-02-20T19:55:55.769545,False
TX_000335,19,44.06,Starbucks,AU,DEV_423,2026-02-21T03:55:55.769545,False
TX_000336,41,100.08,Netflix,UK,DEV_749,2026-02-19T19:55:55.769545,False
TX_000337,98,1401.76,Unknown Store,NG,DEV_262,2026-02-24T10:55:55.769545,True
TX_000338,82,157.05,Walmart,AU,DEV_539,2026-02-23T12:55:55.769545,False
TX_000339,69,98.09,Amazon,US,DEV_304,2026-02-23T04:55:55.769545,False
TX_000340,3,178.94,Spotify,UK,DEV_792,2026-02-19T06:55:55.769545,False
TX_000341,40,53.52,Netflix,CA,DEV_232,2026-02-20T07:55:55.769545,False
TX_000342,6,119.79,Walmart,US,DEV_405,2026-02-22T07:55:55.769545,False
TX_000343,56,106.46,Uber,CA,DEV_803,2026-02-20T15:55:55.769545,False
TX_000344,22,180.77,Target,UK,DEV_931,2026-02-23T12:55:55.769545,False
TX_000345,94,1293.51,Unknown Store,RU,DEV_122,2026-02-25T11:55:55.769545,True
TX_000346,49,29.02,Netflix,US,DEV_997,2026-02-26T00:55:55.769545,False
TX_000347,85,109.27,Amazon,US,DEV_210,2026-02-26T04:55:55.769545,False
TX_000348,57,14.41,Amazon,AU,DEV_489,2026-02-20T12:55:55.769545,False
TX_000349,89,97.51,Walmart,UK,DEV_802,2026-02-25T22:55:55.769545,False
TX_000350,67,1725.92,Unknown Store,NG,DEV_376,2026-02-25T20:55:55.769545,True
TX_000351,66,31.75,Spotify,US,DEV_836,2026-02-25T19:55:55.769545,False
TX_000352,26,27.23,Amazon,AU,DEV_723,2026-02-21T08:55:55.769545,False
TX_000353,91,167.14,Walmart,CA,DEV_519,2026-02-22T08:55:55.769545,False
TX_000354,43,111.89,Walmart,AU,DEV_340,2026-02-19T05:55:55.769545,False
TX_000355,86,995.81,Unknown Store,NG,DEV_605,2026-02-20T19:55:55.769545,True
TX_000356,33,157.01,Amazon,US,DEV_759,2026-02-21T16:55:55.769545,False
TX_000357,7,195.57,Target,AU,DEV_202,2026-02-21T01:55:55.769545,False
TX_000358,55,171.19,Target,CA,DEV_856,2026-02-20T10:55:55.769545,False
TX_000359,18,152.85,Amazon,US,DEV_779,2026-02-26T02:55:55.769545,False
TX_000360,94,74.72,Starbucks,CA,DEV_195,2026-02-23T04:55:55.769545,False
TX_000361,59,40.66,Starbucks,AU,DEV_378,2026-02-23T07:55:55.769545,False
TX_000362,15,98.26,Starbucks,UK,DEV_235,2026-02-19T20:55:55.769545,False
TX_000363,76,169.65,Amazon,AU,DEV_594,2026-02-25T06:55:55.769545,False
TX_000364,79,40.35,Starbucks,CA,DEV_129,2026-02-20T14:55:55.769545,False
TX_000365,6,100.18,Starbucks,AU,DEV_164,2026-02-21T23:55:55.769545,False
TX_000366,86,7.41,Spotify,UK,DEV_994,2026-02-22T19:55:55.769545,False
TX_000367,56,139.21,Uber,US,DEV_777,2026-02-21T20:55:55.769545,False
TX_000368,20,134.42,Netflix,AU,DEV_959,2026-02-25T03:55:55.769545,False
TX_000369,65,124.52,Amazon,UK,DEV_969,2026-02-24T05:55:55.769545,False
TX_000370,42,174.54,Amazon,AU,DEV_346,2026-02-22T17:55:55.769545,False
TX_000371,52,14.82,Walmart,AU,DEV_936,2026-02-21T17:55:55.769545,False
TX_000372,12,91.62,Uber,AU,DEV_977,2026-02-24T12:55:55.769545,False
TX_000373,14,28.15,Starbucks,US,DEV_513,2026-02-23T14:55:55.769545,False
TX_000374,78,112.07,Spotify,US,DEV_733,2026-02-26T00:55:55.769545,False
TX_000375,44,104.13,Walmart,AU,DEV_472,2026-02-19T18:55:55.769545,False
TX_000376,92,169.64,Target,AU,DEV_772,2026-02-23T02:55:55.769545,False
TX_000377,1,27.23,Spotify,UK,DEV_449,2026-02-22T23:55:55.769545,False
TX_000378,90,193.06,Target,CA,DEV_208,2026-02-19T16:55:55.769545,False
TX_000379,14,101.02,Spotify,AU,DEV_360,2026-02-25T17:55:55.769545,False
TX_000380,28,28.55,Spotify,AU,DEV_568,2026-02-21T05:55:55.769545,False
TX_000381,82,26.01,Starbucks,US,DEV_957,2026-02-25T11:55:55.769545,False
TX_000382,64,178.89,Starbucks,UK,DEV_104,2026-02-24T20:55:55.769545,False
TX_000383,66,112.88,Starbucks,AU,DEV_899,2026-02-21T02:55:55.769545,False
TX_000384,14,38.86,Spotify,UK,DEV_496,2026-02-25T14:55:55.769545,False
TX_000385,78,67.76,Starbucks,AU,DEV_809,2026-02-21T20:55:55.769545,False
TX_000386,18,192.9,Target,AU,DEV_241,2026-02-23T14:55:55.769545,False
TX_000387,90,177.86,Uber,CA,DEV_660,2026-02-22T13:55:55.769545,False
TX_000388,26,187.42,Netflix,UK,DEV_314,2026-02-25T20:55:55.769545,False
TX_000389,91,138.89,Netflix,UK,DEV_765,2026-02-21T02:55:55.769545,False
TX_000390,98,140.39,Target,US,DEV_460,2026-02-25T04:55:55.769545,False
TX_000391,87,116.27,Netflix,AU,DEV_865,2026-02-24T21:55:55.769545,False
TX_000392,67,170.22,Spotify,US,DEV_209,2026-02-19T11:55:55.769545,False
TX_000393,35,15.35,Amazon,UK,DEV_868,2026-02-20T22:55:55.769545,False
TX_000394,89,138.26,Walmart,US,DEV_903,2026-02-22T08:55:55.769545,False
TX_000395,14,110.53,Target,AU,DEV_730,2026-02-25T04:55:55.769545,False
TX_000396,31,149.77,Uber,AU,DEV_623,2026-02-22T06:55:55.769545,False
TX_000397,54,14.16,Starbucks,AU,DEV_907,2026-02-22T13:55:55.769545,False
TX_000398,26,15.49,Netflix,CA,DEV_735,2026-02-23T22:55:55.769545,False
TX_000399,97,182.74,Netflix,CA,DEV_702,2026-02-25T00:55:55.769545,False
TX_000400,38,43.31,Netflix,UK,DEV_559,2026-02-21T02:55:55.769545,False
TX_000401,49,19.52,Walmart,US,DEV_141,2026-02-23T18:55:55.769545,False
TX_000402,1,56.53,Walmart,CA,DEV_438,2026-02-24T04:55:55.769545,False
TX_000403,77,35.19,Walmart,CA,DEV_152,2026-02-25T21:55:55.769545,False
TX_000404,10,134.07,Starbucks,CA,DEV_902,2026-02-22T14:55:55.769545,False
TX_000405,65,191.61,Uber,US,DEV_263,2026-02-23T15:55:55.769545,False
TX_000406,28,83.67,Target,UK,DEV_779,2026-02-22T17:55:55.769545,False
TX_000407,72,62.25,Spotify,AU,DEV_943,2026-02-26T03:55:55.769545,False
TX_000408,83,2271.66,Amazon,RU,DEV_728,2026-02-25T20:55:55.769545,True
TX_000409,15,12.78,Target,AU,DEV_495,2026-02-21T22:55:55.769545,False
TX_000410,66,60.15,Uber,CA,DEV_922,2026-02-24T15:55:55.769545,False
TX_000411,42,13.55,Netflix,UK,DEV_626,2026-02-20T02:55:55.769545,False
TX_000412,81,37.64,Spotify,US,DEV_167,2026-02-21T10:55:55.769545,False
TX_000413,14,155.85,Spotify,AU,DEV_310,2026-02-24T22:55:55.769545,False
TX_000414,83,176.33,Netflix,AU,DEV_936,2026-02-19T23:55:55.769545,False
TX_000415,5,34.98,Starbucks,CA,DEV_189,2026-02-19T23:55:55.769545,False
TX_000416,74,159.87,Uber,US,DEV_941,2026-02-21T15:55:55.769545,False
TX_000417,56,84.49,Starbucks,AU,DEV_423,2026-02-19T09:55:55.769545,False
TX_000418,97,28.07,Amazon,US,DEV_863,2026-02-25T10:55:55.769545,False
TX_000419,38,170.41,Target,US,DEV_905,2026-02-22T10:55:55.769545,False
TX_000420,51,59.9,Starbucks,AU,DEV_941,2026-02-19T12:55:55.769545,False
TX_000421,70,109.03,Walmart,AU,DEV_402,2026-02-25T23:55:55.769545,False
TX_000422,2,137.07,Spotify,CA,DEV_666,2026-02-25T03:55:55.769545,False
TX_000423,69,13.15,Uber,AU,DEV_660,2026-02-20T02:55:55.769545,False
TX_000424,28,150.92,Netflix,CA,DEV_522,2026-02-26T02:55:55.769545,False
TX_000425,79,32.78,Walmart,UK,DEV_954,2026-02-21T21:55:55.769545,False
TX_000426,97,40.36,Spotify,US,DEV_662,2026-02-24T03:55:55.769545,False
TX_000427,33,19.26,Netflix,US,DEV_200,2026-02-21T07:55:55.769545,False
TX_000428,17,100.0,Target,CA,DEV_787,2026-02-26T04:55:55.769545,False
TX_000429,41,60.6,Amazon,UK,DEV_597,2026-02-24T00:55:55.769545,False
TX_000430,73,133.59,Netflix,UK,DEV_680,2026-02-23T02:55:55.769545,False
TX_000431,41,191.94,Walmart,US,DEV_352,2026-02-21T13:55:55.769545,False
TX_000432,18,129.96,Target,CA,DEV_795,2026-02-22T17:55:55.769545,False
TX_000433,63,95.26,Target,CA,DEV_664,2026-02-20T08:55:55.769545,False
TX_000434,18,123.29,Spotify,CA,DEV_651,2026-02-21T07:55:55.769545,False
TX_000435,3,177.84,Amazon,US,DEV_969,2026-02-24T14:55:55.769545,False
TX_000436,99,163.47,Uber,AU,DEV_704,2026-02-21T11:55:55.769545,False
TX_000437,84,112.56,Uber,AU,DEV_893,2026-02-20T19:55:55.769545,False
TX_000438,18,48.54,Spotify,CA,DEV_575,2026-02-24T13:55:55.769545,False
TX_000439,85,82.37,Uber,US,DEV_344,2026-02-25T18:55:55.769545,False
TX_000440,21,152.66,Walmart,AU,DEV_283,2026-02-25T05:55:55.769545,False
TX_000441,46,133.59,Walmart,AU,DEV_141,2026-02-21T13:55:55.769545,False
TX_000442,30,50.19,Target,CA,DEV_143,2026-02-21T09:55:55.769545,False
TX_000443,59,159.33,Starbucks,AU,DEV_147,2026-02-19T15:55:55.769545,False
TX_000444,95,68.19,Netflix,CA,DEV_369,2026-02-25T09:55:55.769545,False
TX_000445,47,38.9,Netflix,AU,DEV_701,2026-02-26T04:55:55.769545,False
TX_000446,29,20.18,Target,AU,DEV_628,2026-02-23T12:55:55.769545,False
TX_000447,78,174.21,Starbucks,AU,DEV_106,2026-02-24T13:55:55.769545,False
TX_000448,66,90.78,Walmart,US,DEV_758,2026-02-22T04:55:55.769545,False
TX_000449,85,41.45,Target,US,DEV_335,2026-02-23T15:55:55.769545,False
TX_000450,62,145.45,Starbucks,AU,DEV_315,2026-02-25T12:55:55.769545,False
TX_000451,6,167.51,Amazon,UK,DEV_230,2026-02-25T07:55:55.769545,False
TX_000452,74,31.27,Uber,US,DEV_250,2026-02-19T19:55:55.769545,False
TX_000453,77,184.88,Uber,AU,DEV_677,2026-02-26T00:55:55.769545,False
TX_000454,28,2383.0,Amazon,RU,DEV_559,2026-02-25T16:55:55.769545,True
TX_000455,53,174.12,Walmart,UK,DEV_715,2026-02-20T17:55:55.769545,False
TX_000456,22,164.99,Walmart,CA,DEV_841,2026-02-22T20:55:55.769545,False
TX_000457,49,121.32,Amazon,UK,DEV_494,2026-02-20T14:55:55.769545,False
TX_000458,20,44.46,Spotify,AU,DEV_720,2026-02-20T05:55:55.769545,False
TX_000459,69,180.81,Uber,US,DEV_615,2026-02-20T11:55:55.769545,False
TX_000460,100,133.58,Uber,US,DEV_794,2026-02-26T03:55:55.769545,False
TX_000461,90,87.03,Spotify,US,DEV_642,2026-02-23T18:55:55.769545,False
TX_000462,45,161.45,Spotify,AU,DEV_703,2026-02-25T08:55:55.769545,False
TX_000463,11,31.11,Starbucks,UK,DEV_390,2026-02-25T14:55:55.769545,False
TX_000464,91,84.69,Walmart,US,DEV_861,2026-02-19T06:55:55.769545,False
TX_000465,84,27.98,Amazon,AU,DEV_310,2026-02-22T13:55:55.769545,False
TX_000466,34,25.78,Starbucks,CA,DEV_975,2026-02-24T22:55:55.769545,False
TX_000467,97,76.3,Target,AU,DEV_308,2026-02-23T14:55:55.769545,False
TX_000468,72,113.72,Walmart,CA,DEV_668,2026-02-24T08:55:55.769545,False
TX_000469,95,64.8,Target,AU,DEV_241,2026-02-20T11:55:55.769545,False
TX_000470,13,92.09,Netflix,UK,DEV_319,2026-02-24T15:55:55.769545,False
TX_000471,21,71.0,Uber,US,DEV_498,2026-02-25T23:55:55.769545,False
TX_000472,77,1000.39,Unknown Store,CN,DEV_545,2026-02-20T03:55:55.769545,True
TX_000473,93,48.25,Amazon,US,DEV_493,2026-02-23T11:55:55.769545,False
TX_000474,100,106.6,Netflix,US,DEV_939,2026-02-21T01:55:55.769545,False
TX_000475,25,90.6,Walmart,CA,DEV_134,2026-02-25T14:55:55.769545,False
TX_000476,87,141.2,Uber,UK,DEV_136,2026-02-23T01:55:55.769545,False
TX_000477,36,5.06,Walmart,US,DEV_898,2026-02-23T11:55:55.769545,False
TX_000478,67,82.05,Uber,UK,DEV_115,2026-02-19T22:55:55.769545,False
TX_000479,45,112.17,Netflix,CA,DEV_935,2026-02-22T03:55:55.769545,False
TX_000480,74,192.8,Starbucks,AU,DEV_104,2026-02-21T23:55:55.769545,False
TX_000481,65,103.72,Uber,US,DEV_401,2026-02-22T20:55:55.769545,False
TX_000482,89,161.57,Target,CA,DEV_553,2026-02-23T05:55:55.769545,False
TX_000483,100,155.14,Spotify,CA,DEV_569,2026-02-24T02:55:55.769545,False
TX_000484,34,173.09,Starbucks,US,DEV_169,2026-02-23T06:55:55.769545,False
TX_000485,41,198.87,Netflix,UK,DEV_522,2026-02-22T23:55:55.769545,False
TX_000486,32,6.9,Spotify,CA,DEV_394,2026-02-20T04:55:55.769545,False
TX_000487,71,151.01,Target,US,DEV_282,2026-02-24T06:55:55.769545,False
TX_000488,24,47.62,Uber,CA,DEV_864,2026-02-21T05:55:55.769545,False
TX_000489,34,43.93,Netflix,UK,DEV_311,2026-02-21T15:55:55.769545,False
TX_000490,20,53.69,Uber,CA,DEV_897,2026-02-20T08:55:55.769545,False
TX_000491,79,20.31,Netflix,AU,DEV_106,2026-02-24T23:55:55.769545,False
TX_000492,64,170.36,Target,CA,DEV_688,2026-02-22T03:55:55.769545,False
TX_000493,51,196.96,Uber,CA,DEV_327,2026-02-25T08:55:55.769545,False
TX_000494,70,107.52,Starbucks,AU,DEV_133,2026-02-24T13:55:55.769545,False
TX_000495,59,172.78,Spotify,UK,DEV_223,2026-02-24T17:55:55.769545,False
TX_000496,49,139.4,Amazon,UK,DEV_694,2026-02-20T06:55:55.769545,False
TX_000497,71,124.49,Target,UK,DEV_369,2026-02-21T17:55:55.769545,False
TX_000498,24,191.91,Target,CA,DEV_610,2026-02-23T17:55:55.769545,False
TX_000499,52,141.64,Target,CA,DEV_386,2026-02-24T00:55:55.769545,False
TX_000500,13,30.57,Uber,UK,DEV_838,2026-02-22T02:55:55.769545,False
TX_000501,26,113.29,Spotify,AU,DEV_249,2026-02-20T19:55:55.769545,False
TX_000502,18,6.9,Starbucks,AU,DEV_969,2026-02-25T22:55:55.769545,False
TX_000503,39,145.51,Spotify,AU,DEV_356,2026-02-25T04:55:55.769545,False
TX_000504,8,14.3,Amazon,UK,DEV_320,2026-02-21T22:55:55.769545,False
TX_000505,34,127.82,Starbucks,CA,DEV_469,2026-02-23T01:55:55.769545,False
TX_000506,3,186.71,Target,CA,DEV_521,2026-02-20T12:55:55.769545,False
TX_000507,74,137.52,Uber,UK,DEV_689,2026-02-26T03:55:55.769545,False
TX_000508,46,39.04,Spotify,CA,DEV_432,2026-02-24T15:55:55.769545,False
TX_000509,79,148.62,Amazon,AU,DEV_393,2026-02-24T03:55:55.769545,False
TX_000510,54,33.25,Walmart,CA,DEV_746,2026-02-25T17:55:55.769545,False
TX_000511,21,170.54,Amazon,US,DEV_451,2026-02-21T15:55:55.769545,False
TX_000512,78,132.34,Netflix,CA,DEV_760,2026-02-23T10:55:55.769545,False
TX_000513,96,91.76,Spotify,CA,DEV_701,2026-02-24T18:55:55.769545,False
TX_000514,17,85.73,Walmart,US,DEV_845,2026-02-21T17:55:55.769545,False
TX_000515,27,188.39,Netflix,US,DEV_270,2026-02-23T10:55:55.769545,False
TX_000516,4,17.44,Starbucks,US,DEV_889,2026-02-23T10:55:55.769545,False
TX_000517,80,199.22,Amazon,CA,DEV_259,2026-02-20T02:55:55.769545,False
TX_000518,32,177.67,Target,UK,DEV_855,2026-02-22T05:55:55.769545,False
TX_000519,4,29.65,Uber,UK,DEV_135,2026-02-23T00:55:55.769545,False
TX_000520,70,68.41,Starbucks,AU,DEV_378,2026-02-25T01:55:55.769545,False
TX_000521,76,194.06,Netflix,UK,DEV_711,2026-02-24T01:55:55.769545,False
TX_000522,68,128.99,Uber,AU,DEV_755,2026-02-26T00:55:55.769545,False
TX_000523,12,182.24,Starbucks,UK,DEV_552,2026-02-22T11:55:55.769545,False
TX_000524,1,55.66,Target,US,DEV_635,2026-02-20T15:55:55.769545,False
TX_000525,97,96.49,Amazon,AU,DEV_588,2026-02-22T09:55:55.769545,False
TX_000526,30,1746.96,Amazon,NG,DEV_915,2026-02-19T06:55:55.769545,True
TX_000527,51,41.77,Uber,AU,DEV_355,2026-02-20T22:55:55.769545,False
TX_000528,29,130.97,Spotify,AU,DEV_369,2026-02-20T01:55:55.769545,False
TX_000529,37,51.71,Spotify,CA,DEV_764,2026-02-24T21:55:55.769545,False
TX_000530,24,85.52,Spotify,US,DEV_239,2026-02-22T07:55:55.769545,False
TX_000531,90,93.79,Starbucks,CA,DEV_737,2026-02-24T10:55:55.769545,False
TX_000532,24,8.78,Amazon,US,DEV_204,2026-02-22T05:55:55.769545,False
TX_000533,30,144.46,Netflix,US,DEV_192,2026-02-20T19:55:55.769545,False
TX_000534,64,1277.81,Amazon,CN,DEV_480,2026-02-24T03:55:55.769545,True
TX_000535,8,11.19,Amazon,UK,DEV_372,2026-02-23T09:55:55.769545,False
TX_000536,49,96.68,Walmart,CA,DEV_948,2026-02-19T08:55:55.769545,False
TX_000537,99,154.79,Walmart,AU,DEV_553,2026-02-21T20:55:55.769545,False
TX_000538,67,11.53,Starbucks,US,DEV_781,2026-02-21T10:55:55.769545,False
TX_000539,21,137.88,Target,CA,DEV_744,2026-02-19T15:55:55.769545,False
TX_000540,62,112.17,Amazon,CA,DEV_753,2026-02-22T09:55:55.769545,False
TX_000541,15,178.07,Spotify,UK,DEV_341,2026-02-25T23:55:55.769545,False
TX_000542,75,7.94,Spotify,CA,DEV_222,2026-02-23T10:55:55.769545,False
TX_000543,89,6.74,Amazon,AU,DEV_710,2026-02-20T20:55:55.769545,False
TX_000544,12,22.45,Walmart,AU,DEV_802,2026-02-25T19:55:55.769545,False
TX_000545,8,194.08,Spotify,US,DEV_464,2026-02-26T02:55:55.769545,False
TX_000546,63,109.59,Amazon,UK,DEV_338,2026-02-22T14:55:55.769545,False
TX_000547,57,158.77,Spotify,CA,DEV_850,2026-02-21T06:55:55.769545,False
TX_000548,6,1631.09,Unknown Store,CN,DEV_596,2026-02-23T21:55:55.769545,True
TX_000549,73,110.83,Starbucks,UK,DEV_291,2026-02-25T00:55:55.769545,False
TX_000550,9,147.82,Target,UK,DEV_643,2026-02-20T20:55:55.769545,False
TX_000551,59,164.79,Uber,CA,DEV_100,2026-02-26T00:55:55.769545,False
TX_000552,100,148.06,Amazon,CA,DEV_735,2026-02-21T18:55:55.769545,False
TX_000553,25,17.35,Uber,AU,DEV_636,2026-02-24T12:55:55.769545,False
TX_000554,53,35.06,Target,CA,DEV_756,2026-02-22T15:55:55.769545,False
TX_000555,17,107.02,Amazon,US,DEV_282,2026-02-19T13:55:55.769545,False
TX_000556,74,99.65,Amazon,US,DEV_757,2026-02-23T08:55:55.769545,False
TX_000557,7,107.54,Netflix,CA,DEV_475,2026-02-21T13:55:55.769545,False
TX_000558,11,18.82,Walmart,AU,DEV_579,2026-02-26T00:55:55.769545,False
TX_000559,91,113.81,Starbucks,CA,DEV_159,2026-02-25T18:55:55.769545,False
TX_000560,10,12.93,Amazon,CA,DEV_321,2026-02-24T17:55:55.769545,False
TX_000561,25,146.41,Uber,AU,DEV_297,2026-02-24T19:55:55.769545,False
TX_000562,96,116.16,Walmart,AU,DEV_208,2026-02-26T00:55:55.769545,False
TX_000563,14,136.53,Netflix,AU,DEV_270,2026-02-21T03:55:55.769545,False
TX_000564,69,103.42,Netflix,UK,DEV_714,2026-02-23T22:55:55.769545,False
TX_000565,48,180.98,Uber,CA,DEV_522,2026-02-25T23:55:55.769545,False
TX_000566,73,146.54,Uber,UK,DEV_658,2026-02-21T11:55:55.769545,False
TX_000567,47,112.3,Netflix,CA,DEV_563,2026-02-23T23:55:55.769545,False
TX_000568,77,5.04,Amazon,CA,DEV_116,2026-02-24T17:55:55.769545,False
TX_000569,29,178.61,Amazon,CA,DEV_319,2026-02-22T13:55:55.769545,False
TX_000570,66,2608.27,Amazon,NG,DEV_669,2026-02-25T07:55:55.769545,True
TX_000571,46,35.17,Amazon,AU,DEV_259,2026-02-20T16:55:55.769545,False
TX_000572,33,178.48,Walmart,UK,DEV_930,2026-02-22T09:55:55.769545,False
TX_000573,93,82.96,Walmart,US,DEV_432,2026-02-24T08:55:55.769545,False
TX_000574,77,166.01,Netflix,US,DEV_757,2026-02-22T09:55:55.769545,False
TX_000575,100,162.63,Starbucks,US,DEV_157,2026-02-22T18:55:55.769545,False
TX_000576,99,164.34,Starbucks,US,DEV_332,2026-02-26T04:55:55.769545,False
TX_000577,7,186.09,Netflix,AU,DEV_412,2026-02-24T19:55:55.769545,False
TX_000578,65,110.29,Walmart,CA,DEV_814,2026-02-21T13:55:55.769545,False
TX_000579,97,136.36,Starbucks,AU,DEV_709,2026-02-25T08:55:55.769545,False
TX_000580,19,48.31,Target,AU,DEV_235,2026-02-22T19:55:55.769545,False
TX_000581,34,116.43,Amazon,AU,DEV_187,2026-02-23T11:55:55.769545,False
TX_000582,62,155.9,Walmart,UK,DEV_672,2026-02-21T07:55:55.769545,False
TX_000583,32,132.19,Walmart,UK,DEV_173,2026-02-22T01:55:55.769545,False
TX_000584,15,68.07,Uber,US,DEV_787,2026-02-23T14:55:55.769545,False
TX_000585,77,72.92,Target,CA,DEV_771,2026-02-19T11:55:55.769545,False
TX_000586,80,38.0,Target,AU,DEV_249,2026-02-23T21:55:55.769545,False
TX_000587,20,164.54,Walmart,CA,DEV_875,2026-02-20T02:55:55.769545,False
TX_000588,37,15.63,Uber,UK,DEV_114,2026-02-22T20:55:55.769545,False
TX_000589,3,26.7,Starbucks,AU,DEV_439,2026-02-21T10:55:55.769545,False
TX_000590,71,46.32,Uber,CA,DEV_594,2026-02-25T20:55:55.769545,False
TX_000591,49,32.56,Netflix,US,DEV_696,2026-02-24T19:55:55.769545,False
TX_000592,90,38.21,Target,UK,DEV_732,2026-02-22T02:55:55.769545,False
TX_000593,50,132.68,Amazon,US,DEV_776,2026-02-22T02:55:55.769545,False
TX_000594,3,183.01,Target,US,DEV_399,2026-02-26T03:55:55.769545,False
TX_000595,41,196.06,Uber,US,DEV_596,2026-02-25T13:55:55.769545,False
TX_000596,72,41.35,Uber,AU,DEV_829,2026-02-19T10:55:55.769545,False
TX_000597,63,184.84,Target,CA,DEV_502,2026-02-20T21:55:55.769545,False
TX_000598,39,2305.48,Amazon,NG,DEV_341,2026-02-24T13:55:55.769545,True
TX_000599,4,17.09,Target,AU,DEV_668,2026-02-22T04:55:55.769545,False
TX_000600,12,71.65,Starbucks,UK,DEV_847,2026-02-23T06:55:55.769545,False
TX_000601,54,137.21,Spotify,UK,DEV_346,2026-02-25T07:55:55.769545,False
TX_000602,58,194.25,Uber,CA,DEV_655,2026-02-20T14:55:55.769545,False
TX_000603,18,32.02,Uber,UK,DEV_416,2026-02-24T19:55:55.769545,False
TX_000604,84,88.86,Spotify,UK,DEV_678,2026-02-20T21:55:55.769545,False
TX_000605,24,113.68,Netflix,US,DEV_425,2026-02-20T18:55:55.769545,False
TX_000606,39,154.26,Starbucks,AU,DEV_553,2026-02-26T00:55:55.769545,False
TX_000607,14,58.39,Spotify,UK,DEV_234,2026-02-21T04:55:55.769545,False
TX_000608,73,2969.1,Amazon,NG,DEV_727,2026-02-21T16:55:55.769545,True
TX_000609,11,50.03,Amazon,CA,DEV_804,2026-02-24T07:55:55.769545,False
TX_000610,24,170.0,Starbucks,CA,DEV_972,2026-02-23T08:55:55.769545,False
TX_000611,5,31.81,Walmart,UK,DEV_518,2026-02-19T08:55:55.769545,False
TX_000612,97,190.29,Walmart,UK,DEV_309,2026-02-19T21:55:55.769545,False
TX_000613,89,191.17,Starbucks,AU,DEV_432,2026-02-24T02:55:55.769545,False
TX_000614,78,88.37,Spotify,US,DEV_852,2026-02-23T06:55:55.769545,False
TX_000615,67,81.86,Netflix,US,DEV_211,2026-02-24T00:55:55.769545,False
TX_000616,95,176.16,Walmart,AU,DEV_140,2026-02-25T03:55:55.769545,False
TX_000617,38,154.21,Amazon,UK,DEV_550,2026-02-23T10:55:55.769545,False
TX_000618,22,155.87,Target,AU,DEV_532,2026-02-22T08:55:55.769545,False
TX_000619,60,15.64,Uber,UK,DEV_949,2026-02-26T02:55:55.769545,False
TX_000620,100,145.92,Amazon,UK,DEV_699,2026-02-25T00:55:55.769545,False
TX_000621,23,85.64,Starbucks,US,DEV_564,2026-02-25T12:55:55.769545,False
TX_000622,33,179.68,Starbucks,US,DEV_431,2026-02-26T03:55:55.769545,False
TX_000623,12,160.31,Netflix,US,DEV_216,2026-02-24T00:55:55.769545,False
TX_000624,94,21.63,Netflix,AU,DEV_910,2026-02-24T15:55:55.769545,False
TX_000625,6,36.18,Uber,AU,DEV_886,2026-02-21T00:55:55.769545,False
TX_000626,21,115.27,Netflix,UK,DEV_989,2026-02-20T18:55:55.769545,False
TX_000627,40,143.85,Starbucks,CA,DEV_847,2026-02-23T23:55:55.769545,False
TX_000628,1,40.24,Walmart,UK,DEV_737,2026-02-21T21:55:55.769545,False
TX_000629,1,1894.78,Amazon,NG,DEV_722,2026-02-24T11:55:55.769545,True
TX_000630,53,119.83,Starbucks,AU,DEV_552,2026-02-20T01:55:55.769545,False
TX_000631,80,6.28,Uber,CA,DEV_743,2026-02-25T03:55:55.769545,False
TX_000632,8,45.49,Walmart,UK,DEV_768,2026-02-22T22:55:55.769545,False
TX_000633,43,171.5,Netflix,CA,DEV_189,2026-02-19T17:55:55.769545,False
TX_000634,79,198.78,Walmart,CA,DEV_776,2026-02-25T13:55:55.769545,False
TX_000635,5,114.62,Starbucks,CA,DEV_195,2026-02-22T09:55:55.769545,False
TX_000636,98,180.02,Spotify,US,DEV_537,2026-02-25T01:55:55.769545,False
TX_000637,43,96.81,Amazon,CA,DEV_639,2026-02-23T14:55:55.769545,False
TX_000638,14,140.69,Uber,US,DEV_685,2026-02-25T22:55:55.769545,False
TX_000639,55,22.1,Netflix,CA,DEV_723,2026-02-22T14:55:55.769545,False
TX_000640,17,117.15,Uber,CA,DEV_729,2026-02-25T05:55:55.769545,False
TX_000641,24,147.19,Starbucks,AU,DEV_724,2026-02-21T16:55:55.769545,False
TX_000642,4,195.96,Amazon,US,DEV_576,2026-02-25T21:55:55.769545,False
TX_000643,53,148.81,Walmart,AU,DEV_146,2026-02-22T18:55:55.769545,False
TX_000644,82,162.18,Walmart,US,DEV_306,2026-02-22T05:55:55.769545,False
TX_000645,99,18.23,Target,CA,DEV_106,2026-02-20T10:55:55.769545,False
TX_000646,23,71.57,Netflix,US,DEV_298,2026-02-22T17:55:55.769545,False
TX_000647,5,184.84,Starbucks,AU,DEV_761,2026-02-20T15:55:55.769545,False
TX_000648,60,127.3,Spotify,CA,DEV_902,2026-02-23T14:55:55.769545,False
TX_000649,73,15.92,Uber,CA,DEV_842,2026-02-22T13:55:55.769545,False
TX_000650,46,8.65,Uber,CA,DEV_167,2026-02-20T19:55:55.769545,False
TX_000651,74,11.08,Starbucks,UK,DEV_720,2026-02-23T08:55:55.769545,False
TX_000652,91,27.78,Spotify,CA,DEV_978,2026-02-22T13:55:55.769545,False
TX_000653,31,57.94,Amazon,AU,DEV_480,2026-02-24T00:55:55.769545,False
TX_000654,23,64.01,Uber,CA,DEV_214,2026-02-23T04:55:55.769545,False
TX_000655,65,156.67,Amazon,AU,DEV_125,2026-02-24T08:55:55.769545,False
TX_000656,94,35.05,Target,AU,DEV_994,2026-02-24T19:55:55.769545,False
TX_000657,67,68.83,Spotify,US,DEV_792,2026-02-20T14:55:55.769545,False
TX_000658,1,12.13,Starbucks,US,DEV_418,2026-02-19T16:55:55.769545,False
TX_000659,60,120.89,Amazon,CA,DEV_147,2026-02-20T07:55:55.769545,False
TX_000660,74,133.5,Target,US,DEV_876,2026-02-22T12:55:55.769545,False
TX_000661,37,45.92,Walmart,UK,DEV_383,2026-02-24T21:55:55.769545,False
TX_000662,20,91.02,Amazon,CA,DEV_261,2026-02-22T03:55:55.769545,False
TX_000663,27,191.87,Uber,US,DEV_655,2026-02-22T22:55:55.769545,False
TX_000664,74,57.86,Netflix,CA,DEV_350,2026-02-21T00:55:55.769545,False
TX_000665,7,124.59,Target,AU,DEV_233,2026-02-19T12:55:55.769545,False
TX_000666,7,136.72,Amazon,AU,DEV_188,2026-02-23T18:55:55.769545,False
TX_000667,79,142.41,Uber,AU,DEV_464,2026-02-22T12:55:55.769545,False
TX_000668,97,43.64,Spotify,US,DEV_882,2026-02-24T04:55:55.769545,False
TX_000669,13,23.12,Spotify,AU,DEV_566,2026-02-22T12:55:55.769545,False
TX_000670,30,143.49,Starbucks,AU,DEV_329,2026-02-20T17:55:55.769545,False
TX_000671,24,125.3,Target,AU,DEV_816,2026-02-22T17:55:55.769545,False
TX_000672,4,177.07,Starbucks,AU,DEV_166,2026-02-24T06:55:55.769545,False
TX_000673,37,98.34,Spotify,UK,DEV_886,2026-02-22T22:55:55.769545,False
TX_000674,92,29.84,Amazon,AU,DEV_915,2026-02-20T08:55:55.769545,False
TX_000675,69,131.64,Spotify,CA,DEV_572,2026-02-23T11:55:55.769545,False
TX_000676,62,51.52,Walmart,UK,DEV_493,2026-02-19T21:55:55.769545,False
TX_000677,56,163.71,Uber,AU,DEV_680,2026-02-22T20:55:55.769545,False
TX_000678,95,51.05,Netflix,US,DEV_828,2026-02-25T07:55:55.769545,False
TX_000679,42,27.29,Uber,AU,DEV_668,2026-02-20T05:55:55.769545,False
TX_000680,77,39.35,Starbucks,US,DEV_211,2026-02-25T13:55:55.769545,False
TX_000681,12,78.89,Starbucks,US,DEV_322,2026-02-20T16:55:55.769545,False
TX_000682,97,181.13,Netflix,US,DEV_250,2026-02-20T19:55:55.769545,False
TX_000683,26,61.84,Uber,AU,DEV_310,2026-02-22T14:55:55.769545,False
TX_000684,56,159.9,Netflix,CA,DEV_835,2026-02-22T21:55:55.769545,False
TX_000685,17,118.63,Uber,AU,DEV_972,2026-02-22T08:55:55.769545,False
TX_000686,91,180.71,Amazon,US,DEV_673,2026-02-23T00:55:55.769545,False
TX_000687,56,60.03,Amazon,UK,DEV_819,2026-02-25T12:55:55.769545,False
TX_000688,49,67.03,Starbucks,AU,DEV_545,2026-02-25T00:55:55.769545,False
TX_000689,72,38.81,Walmart,UK,DEV_493,2026-02-23T01:55:55.769545,False
TX_000690,18,35.08,Spotify,UK,DEV_111,2026-02-19T23:55:55.769545,False
TX_000691,18,33.08,Starbucks,AU,DEV_186,2026-02-20T16:55:55.769545,False
TX_000692,80,86.09,Starbucks,AU,DEV_284,2026-02-24T01:55:55.769545,False
TX_000693,46,112.65,Starbucks,AU,DEV_331,2026-02-21T04:55:55.769545,False
TX_000694,92,6.45,Starbucks,UK,DEV_613,2026-02-22T01:55:55.769545,False
TX_000695,5,111.5,Target,US,DEV_681,2026-02-24T08:55:55.769545,False
TX_000696,19,27.07,Starbucks,US,DEV_847,2026-02-24T19:55:55.769545,False
TX_000697,60,196.82,Spotify,CA,DEV_629,2026-02-20T01:55:55.769545,False
TX_000698,81,123.96,Walmart,AU,DEV_859,2026-02-20T00:55:55.769545,False
TX_000699,79,110.14,Uber,CA,DEV_154,2026-02-22T20:55:55.769545,False
TX_000700,74,7.1,Starbucks,AU,DEV_851,2026-02-22T17:55:55.769545,False
TX_000701,38,192.31,Spotify,CA,DEV_271,2026-02-19T14:55:55.769545,False
TX_000702,8,121.54,Target,CA,DEV_744,2026-02-24T06:55:55.769545,False
TX_000703,95,116.71,Netflix,CA,DEV_739,2026-02-19T11:55:55.769545,False
TX_000704,36,21.09,Uber,US,DEV_358,2026-02-20T14:55:55.769545,False
TX_000705,95,58.67,Target,US,DEV_214,2026-02-25T15:55:55.769545,False
TX_000706,48,120.4,Walmart,AU,DEV_927,2026-02-21T01:55:55.769545,False
TX_000707,68,141.65,Starbucks,UK,DEV_982,2026-02-19T13:55:55.769545,False
TX_000708,64,21.46,Walmart,UK,DEV_870,2026-02-23T14:55:55.769545,False
TX_000709,27,51.4,Starbucks,UK,DEV_691,2026-02-22T21:55:55.769545,False
TX_000710,7,56.56,Spotify,US,DEV_271,2026-02-24T03:55:55.769545,False
TX_000711,49,63.77,Netflix,UK,DEV_799,2026-02-23T08:55:55.769545,False
TX_000712,2,33.3,Spotify,AU,DEV_395,2026-02-23T23:55:55.769545,False
TX_000713,13,66.56,Uber,US,DEV_644,2026-02-26T00:55:55.769545,False
TX_000714,43,169.63,Uber,CA,DEV_376,2026-02-22T01:55:55.769545,False
TX_000715,60,54.79,Uber,AU,DEV_891,2026-02-21T18:55:55.769545,False
TX_000716,87,119.8,Walmart,CA,DEV_806,2026-02-21T03:55:55.769545,False
TX_000717,2,7.06,Amazon,US,DEV_521,2026-02-20T06:55:55.769545,False
TX_000718,93,138.67,Target,UK,DEV_390,2026-02-21T21:55:55.769545,False
TX_000719,77,9.62,Amazon,US,DEV_772,2026-02-21T12:55:55.769545,False
TX_000720,12,129.43,Netflix,US,DEV_976,2026-02-25T15:55:55.769545,False
TX_000721,15,133.0,Netflix,UK,DEV_812,2026-02-21T04:55:55.769545,False
TX_000722,36,96.06,Amazon,AU,DEV_887,2026-02-23T18:55:55.769545,False
TX_000723,33,135.18,Spotify,CA,DEV_265,2026-02-19T23:55:55.769545,False
TX_000724,8,17.17,Starbucks,CA,DEV_364,2026-02-22T00:55:55.769545,False
TX_000725,23,18.53,Walmart,AU,DEV_760,2026-02-24T10:55:55.769545,False
TX_000726,79,110.42,Starbucks,UK,DEV_758,2026-02-20T08:55:55.769545,False
TX_000727,10,144.5,Amazon,US,DEV_172,2026-02-25T07:55:55.769545,False
TX_000728,20,156.56,Amazon,AU,DEV_768,2026-02-26T00:55:55.769545,False
TX_000729,20,883.24,Amazon,CN,DEV_816,2026-02-22T17:55:55.769545,True
TX_000730,62,117.05,Uber,AU,DEV_546,2026-02-23T12:55:55.769545,False
TX_000731,70,157.28,Spotify,US,DEV_331,2026-02-19T05:55:55.769545,False
TX_000732,16,139.41,Spotify,AU,DEV_680,2026-02-24T22:55:55.769545,False
TX_000733,52,74.99,Netflix,CA,DEV_156,2026-02-25T22:55:55.769545,False
TX_000734,11,131.18,Target,CA,DEV_961,2026-02-24T02:55:55.769545,False
TX_000735,71,61.54,Walmart,UK,DEV_140,2026-02-23T07:55:55.769545,False
TX_000736,81,63.28,Starbucks,US,DEV_805,2026-02-23T00:55:55.769545,False
TX_000737,18,177.62,Starbucks,UK,DEV_136,2026-02-21T06:55:55.769545,False
TX_000738,50,2992.04,Unknown Store,CN,DEV_164,2026-02-24T23:55:55.769545,True
TX_000739,3,102.44,Spotify,AU,DEV_137,2026-02-22T19:55:55.769545,False
TX_000740,16,158.62,Amazon,AU,DEV_316,2026-02-26T04:55:55.769545,False
TX_000741,95,94.38,Netflix,UK,DEV_693,2026-02-21T16:55:55.769545,False
TX_000742,84,12.19,Walmart,AU,DEV_119,2026-02-24T05:55:55.769545,False
TX_000743,2,125.58,Walmart,UK,DEV_276,2026-02-25T22:55:55.769545,False
TX_000744,59,64.93,Spotify,US,DEV_725,2026-02-21T00:55:55.769545,False
TX_000745,15,17.47,Spotify,US,DEV_609,2026-02-25T13:55:55.769545,False
TX_000746,55,48.01,Spotify,UK,DEV_445,2026-02-23T11:55:55.769545,False
TX_000747,42,195.29,Uber,UK,DEV_956,2026-02-21T11:55:55.769545,False
TX_000748,16,120.65,Target,US,DEV_380,2026-02-20T17:55:55.769545,False
TX_000749,57,37.77,Target,UK,DEV_349,2026-02-25T09:55:55.769545,False
TX_000750,100,24.49,Spotify,AU,DEV_261,2026-02-19T09:55:55.769545,False
TX_000751,12,20.74,Amazon,UK,DEV_823,2026-02-26T03:55:55.769545,False
TX_000752,89,60.33,Netflix,AU,DEV_229,2026-02-21T09:55:55.769545,False
TX_000753,31,57.84,Starbucks,AU,DEV_278,2026-02-25T17:55:55.769545,False
TX_000754,79,121.27,Netflix,AU,DEV_190,2026-02-25T21:55:55.769545,False
TX_000755,72,63.73,Starbucks,US,DEV_341,2026-02-21T06:55:55.769545,False
TX_000756,98,108.39,Amazon,CA,DEV_652,2026-02-24T14:55:55.769545,False
TX_000757,36,155.21,Netflix,UK,DEV_154,2026-02-21T06:55:55.769545,False
TX_000758,64,34.1,Spotify,AU,DEV_280,2026-02-20T21:55:55.769545,False
TX_000759,37,13.41,Netflix,CA,DEV_314,2026-02-23T20:55:55.769545,False
TX_000760,6,125.28,Spotify,AU,DEV_206,2026-02-19T18:55:55.769545,False
TX_000761,63,39.3,Spotify,US,DEV_627,2026-02-20T10:55:55.769545,False
TX_000762,54,50.88,Starbucks,CA,DEV_303,2026-02-22T16:55:55.769545,False
TX_000763,31,26.48,Walmart,US,DEV_855,2026-02-23T14:55:55.769545,False
TX_000764,61,78.23,Walmart,US,DEV_699,2026-02-24T09:55:55.769545,False
TX_000765,23,89.99,Walmart,AU,DEV_496,2026-02-23T04:55:55.769545,False
TX_000766,35,145.37,Netflix,CA,DEV_307,2026-02-22T18:55:55.769545,False
TX_000767,18,139.98,Amazon,CA,DEV_213,2026-02-24T04:55:55.769545,False
TX_000768,38,38.38,Target,UK,DEV_718,2026-02-20T21:55:55.769545,False
TX_000769,74,129.41,Uber,UK,DEV_666,2026-02-21T15:55:55.769545,False
TX_000770,76,172.11,Starbucks,UK,DEV_584,2026-02-24T03:55:55.769545,False
TX_000771,32,147.35,Netflix,UK,DEV_435,2026-02-23T20:55:55.769545,False
TX_000772,74,178.91,Uber,UK,DEV_105,2026-02-23T15:55:55.769545,False
TX_000773,55,12.81,Starbucks,US,DEV_643,2026-02-23T09:55:55.769545,False
TX_000774,58,160.61,Spotify,US,DEV_607,2026-02-21T18:55:55.769545,False
TX_000775,28,151.85,Netflix,AU,DEV_235,2026-02-23T00:55:55.769545,False
TX_000776,62,131.29,Amazon,US,DEV_785,2026-02-22T11:55:55.769545,False
TX_000777,59,94.56,Uber,US,DEV_574,2026-02-20T16:55:55.769545,False
TX_000778,81,84.05,Spotify,CA,DEV_575,2026-02-25T23:55:55.769545,False
TX_000779,43,2180.07,Amazon,NG,DEV_643,2026-02-19T13:55:55.769545,True
TX_000780,88,151.81,Netflix,UK,DEV_182,2026-02-25T19:55:55.769545,False
TX_000781,7,148.47,Amazon,CA,DEV_213,2026-02-23T07:55:55.769545,False
TX_000782,23,125.73,Target,CA,DEV_763,2026-02-25T04:55:55.769545,False
TX_000783,18,114.35,Spotify,UK,DEV_442,2026-02-21T18:55:55.769545,False
TX_000784,97,131.56,Netflix,UK,DEV_862,2026-02-21T14:55:55.769545,False
TX_000785,36,180.1,Uber,AU,DEV_155,2026-02-19T21:55:55.769545,False
TX_000786,61,93.22,Uber,US,DEV_826,2026-02-24T21:55:55.769545,False
TX_000787,80,108.91,Target,AU,DEV_476,2026-02-19T21:55:55.769545,False
TX_000788,51,177.38,Amazon,US,DEV_283,2026-02-22T06:55:55.769545,False
TX_000789,15,20.0,Walmart,CA,DEV_813,2026-02-20T18:55:55.769545,False
TX_000790,38,175.62,Uber,US,DEV_526,2026-02-24T23:55:55.769545,False
TX_000791,95,97.41,Starbucks,AU,DEV_760,2026-02-19T10:55:55.769545,False
TX_000792,67,17.28,Spotify,UK,DEV_760,2026-02-22T18:55:55.769545,False
TX_000793,63,71.84,Netflix,CA,DEV_707,2026-02-24T20:55:55.769545,False
TX_000794,40,91.82,Target,UK,DEV_275,2026-02-21T23:55:55.769545,False
TX_000795,19,77.52,Target,US,DEV_461,2026-02-22T05:55:55.769545,False
TX_000796,24,37.44,Walmart,CA,DEV_279,2026-02-20T20:55:55.769545,False
TX_000797,57,27.8,Target,UK,DEV_366,2026-02-23T03:55:55.769545,False
TX_000798,45,114.69,Amazon,CA,DEV_251,2026-02-23T04:55:55.769545,False
TX_000799,16,195.22,Uber,CA,DEV_125,2026-02-23T12:55:55.769545,False
TX_000800,20,154.86,Starbucks,CA,DEV_104,2026-02-25T00:55:55.769545,False
TX_000801,61,69.6,Netflix,CA,DEV_396,2026-02-25T07:55:55.769545,False
TX_000802,44,160.92,Netflix,AU,DEV_805,2026-02-20T09:55:55.769545,False
TX_000803,40,180.53,Walmart,US,DEV_125,2026-02-23T11:55:55.769545,False
TX_000804,42,47.97,Target,US,DEV_156,2026-02-25T16:55:55.769545,False
TX_000805,26,118.77,Walmart,CA,DEV_123,2026-02-20T02:55:55.769545,False
TX_000806,66,91.86,Netflix,US,DEV_503,2026-02-21T06:55:55.769545,False
TX_000807,86,122.62,Uber,US,DEV_469,2026-02-23T10:55:55.769545,False
TX_000808,48,171.49,Target,AU,DEV_112,2026-02-22T05:55:55.769545,False
TX_000809,28,65.08,Starbucks,US,DEV_845,2026-02-23T22:55:55.769545,False
TX_000810,21,86.04,Starbucks,CA,DEV_925,2026-02-23T17:55:55.769545,False
TX_000811,19,85.77,Spotify,US,DEV_312,2026-02-22T10:55:55.769545,False
TX_000812,76,174.17,Target,US,DEV_874,2026-02-23T05:55:55.769545,False
TX_000813,23,84.84,Target,AU,DEV_669,2026-02-24T03:55:55.769545,False
TX_000814,24,152.27,Walmart,UK,DEV_952,2026-02-23T06:55:55.769545,False
TX_000815,75,100.66,Spotify,CA,DEV_411,2026-02-24T11:55:55.769545,False
TX_000816,20,95.37,Amazon,US,DEV_368,2026-02-22T09:55:55.769545,False
TX_000817,84,167.68,Starbucks,US,DEV_781,2026-02-22T06:55:55.769545,False
TX_000818,4,100.92,Netflix,UK,DEV_222,2026-02-22T03:55:55.769545,False
TX_000819,75,194.27,Uber,CA,DEV_592,2026-02-25T05:55:55.769545,False
TX_000820,89,55.29,Netflix,AU,DEV_937,2026-02-20T11:55:55.769545,False
TX_000821,21,147.93,Amazon,CA,DEV_695,2026-02-19T19:55:55.769545,False
TX_000822,46,94.9,Netflix,UK,DEV_267,2026-02-19T18:55:55.769545,False
TX_000823,38,86.81,Target,US,DEV_398,2026-02-24T20:55:55.769545,False
TX_000824,98,19.98,Walmart,UK,DEV_196,2026-02-25T14:55:55.769545,False
TX_000825,88,111.02,Spotify,CA,DEV_919,2026-02-22T10:55:55.769545,False
TX_000826,69,141.1,Target,US,DEV_693,2026-02-22T23:55:55.769545,False
TX_000827,48,7.52,Uber,CA,DEV_897,2026-02-24T09:55:55.769545,False
TX_000828,28,184.58,Walmart,US,DEV_258,2026-02-24T13:55:55.769545,False
TX_000829,54,41.74,Uber,US,DEV_571,2026-02-20T00:55:55.769545,False
TX_000830,45,30.59,Amazon,AU,DEV_419,2026-02-23T01:55:55.769545,False
TX_000831,23,91.18,Uber,CA,DEV_826,2026-02-22T10:55:55.769545,False
TX_000832,89,2592.06,Unknown Store,RU,DEV_245,2026-02-21T15:55:55.769545,True
TX_000833,89,45.92,Amazon,AU,DEV_881,2026-02-20T09:55:55.769545,False
TX_000834,6,156.07,Spotify,AU,DEV_301,2026-02-20T08:55:55.769545,False
TX_000835,61,133.66,Uber,US,DEV_221,2026-02-21T21:55:55.769545,False
TX_000836,16,63.82,Amazon,US,DEV_716,2026-02-21T09:55:55.769545,False
TX_000837,4,44.0,Netflix,CA,DEV_192,2026-02-20T18:55:55.769545,False
TX_000838,46,188.66,Uber,CA,DEV_264,2026-02-24T13:55:55.769545,False
TX_000839,13,124.53,Uber,US,DEV_939,2026-02-25T09:55:55.769545,False
TX_000840,37,108.12,Netflix,UK,DEV_275,2026-02-24T22:55:55.769545,False
TX_000841,91,2395.77,Unknown Store,NG,DEV_586,2026-02-23T02:55:55.769545,True
TX_000842,24,41.1,Netflix,US,DEV_954,2026-02-22T23:55:55.769545,False
TX_000843,53,87.7,Uber,UK,DEV_215,2026-02-22T13:55:55.769545,False
TX_000844,98,26.51,Walmart,AU,DEV_469,2026-02-22T06:55:55.769545,False
TX_000845,15,12.92,Target,AU,DEV_494,2026-02-22T05:55:55.769545,False
TX_000846,29,148.55,Netflix,AU,DEV_667,2026-02-23T13:55:55.769545,False
TX_000847,61,171.8,Walmart,US,DEV_795,2026-02-23T03:55:55.769545,False
TX_000848,51,199.75,Starbucks,US,DEV_548,2026-02-24T18:55:55.769545,False
TX_000849,52,21.58,Walmart,AU,DEV_811,2026-02-25T12:55:55.769545,False
TX_000850,47,149.58,Walmart,US,DEV_303,2026-02-22T19:55:55.769545,False
TX_000851,30,169.59,Starbucks,US,DEV_958,2026-02-23T17:55:55.769545,False
TX_000852,97,59.31,Netflix,CA,DEV_908,2026-02-26T01:55:55.769545,False
TX_000853,63,74.44,Netflix,AU,DEV_623,2026-02-22T04:55:55.769545,False
TX_000854,63,93.65,Amazon,CA,DEV_609,2026-02-21T16:55:55.769545,False
TX_000855,9,31.25,Amazon,US,DEV_610,2026-02-19T11:55:55.769545,False
TX_000856,20,79.61,Netflix,CA,DEV_410,2026-02-25T20:55:55.769545,False
TX_000857,60,153.23,Netflix,AU,DEV_306,2026-02-22T08:55:55.769545,False
TX_000858,70,100.6,Target,CA,DEV_659,2026-02-19T09:55:55.769545,False
TX_000859,50,11.16,Starbucks,US,DEV_560,2026-02-22T13:55:55.769545,False
TX_000860,23,91.3,Amazon,US,DEV_670,2026-02-22T10:55:55.769545,False
TX_000861,40,37.01,Starbucks,UK,DEV_832,2026-02-23T08:55:55.769545,False
TX_000862,85,26.33,Netflix,AU,DEV_667,2026-02-24T23:55:55.769545,False
TX_000863,65,97.8,Spotify,UK,DEV_157,2026-02-23T09:55:55.769545,False
TX_000864,99,120.25,Starbucks,CA,DEV_391,2026-02-22T15:55:55.769545,False
TX_000865,45,120.14,Walmart,CA,DEV_928,2026-02-25T10:55:55.769545,False
TX_000866,13,2760.95,Amazon,CN,DEV_538,2026-02-22T21:55:55.769545,True
TX_000867,32,85.33,Amazon,UK,DEV_340,2026-02-26T02:55:55.769545,False
TX_000868,40,21.56,Netflix,US,DEV_217,2026-02-22T19:55:55.769545,False
TX_000869,85,109.99,Amazon,AU,DEV_984,2026-02-23T17:55:55.769545,False
TX_000870,90,180.77,Target,US,DEV_580,2026-02-25T11:55:55.769545,False
TX_000871,74,1496.33,Amazon,CN,DEV_200,2026-02-24T10:55:55.769545,True
TX_000872,65,136.65,Target,AU,DEV_930,2026-02-22T19:55:55.769545,False
TX_000873,64,63.41,Starbucks,UK,DEV_750,2026-02-20T00:55:55.769545,False
TX_000874,7,109.49,Target,CA,DEV_404,2026-02-25T07:55:55.769545,False
TX_000875,92,49.05,Netflix,US,DEV_964,2026-02-25T09:55:55.769545,False
TX_000876,55,70.68,Amazon,AU,DEV_314,2026-02-22T21:55:55.769545,False
TX_000877,56,132.05,Target,CA,DEV_779,2026-02-24T23:55:55.769545,False
TX_000878,86,85.79,Target,AU,DEV_881,2026-02-25T01:55:55.769545,False
TX_000879,74,8.63,Netflix,UK,DEV_611,2026-02-21T11:55:55.769545,False
TX_000880,82,165.66,Starbucks,CA,DEV_645,2026-02-25T18:55:55.769545,False
TX_000881,67,181.83,Uber,US,DEV_305,2026-02-23T02:55:55.769545,False
TX_000882,56,51.87,Netflix,CA,DEV_520,2026-02-22T14:55:55.769545,False
TX_000883,53,182.67,Netflix,UK,DEV_373,2026-02-22T06:55:55.769545,False
TX_000884,52,55.01,Uber,UK,DEV_344,2026-02-20T10:55:55.769545,False
TX_000885,60,10.4,Spotify,CA,DEV_597,2026-02-25T04:55:55.769545,False
TX_000886,21,87.29,Amazon,UK,DEV_379,2026-02-20T15:55:55.769545,False
TX_000887,71,2537.27,Amazon,NG,DEV_280,2026-02-26T01:55:55.769545,True
TX_000888,8,192.94,Starbucks,US,DEV_980,2026-02-20T02:55:55.769545,False
TX_000889,47,63.11,Amazon,AU,DEV_787,2026-02-20T04:55:55.769545,False
TX_000890,31,168.76,Spotify,UK,DEV_214,2026-02-25T07:55:55.769545,False
TX_000891,64,186.92,Uber,CA,DEV_192,2026-02-21T17:55:55.769545,False
TX_000892,75,155.77,Target,CA,DEV_854,2026-02-23T08:55:55.769545,False
TX_000893,19,150.07,Starbucks,UK,DEV_209,2026-02-21T01:55:55.769545,False
TX_000894,76,58.54,Starbucks,CA,DEV_157,2026-02-24T10:55:55.769545,False
TX_000895,70,141.43,Amazon,CA,DEV_533,2026-02-24T06:55:55.769545,False
TX_000896,47,192.85,Spotify,UK,DEV_586,2026-02-23T03:55:55.769545,False
TX_000897,95,9.11,Uber,US,DEV_778,2026-02-19T18:55:55.769545,False
TX_000898,71,158.82,Walmart,CA,DEV_493,2026-02-22T12:55:55.769545,False
TX_000899,69,141.62,Spotify,US,DEV_987,2026-02-21T17:55:55.769545,False
TX_000900,39,80.75,Starbucks,CA,DEV_192,2026-02-21T17:55:55.769545,False
TX_000901,81,172.59,Walmart,AU,DEV_424,2026-02-26T01:55:55.769545,False
TX_000902,100,11.61,Spotify,US,DEV_603,2026-02-24T05:55:55.769545,False
TX_000903,13,185.67,Target,AU,DEV_944,2026-02-20T22:55:55.769545,False
TX_000904,78,103.74,Target,AU,DEV_846,2026-02-25T01:55:55.769545,False
TX_000905,83,93.39,Amazon,US,DEV_756,2026-02-21T04:55:55.769545,False
TX_000906,52,159.25,Walmart,US,DEV_304,2026-02-25T21:55:55.769545,False
TX_000907,32,117.28,Amazon,UK,DEV_628,2026-02-26T03:55:55.769545,False
TX_000908,41,170.16,Netflix,AU,DEV_562,2026-02-24T07:55:55.769545,False
TX_000909,37,31.03,Walmart,CA,DEV_303,2026-02-20T02:55:55.769545,False
TX_000910,3,40.47,Starbucks,UK,DEV_123,2026-02-25T03:55:55.769545,False
TX_000911,26,127.19,Amazon,AU,DEV_368,2026-02-21T00:55:55.769545,False
TX_000912,20,125.51,Uber,CA,DEV_191,2026-02-23T03:55:55.769545,False
TX_000913,99,115.61,Amazon,AU,DEV_564,2026-02-24T11:55:55.769545,False
TX_000914,37,144.14,Walmart,CA,DEV_864,2026-02-24T11:55:55.769545,False
TX_000915,37,89.11,Walmart,UK,DEV_844,2026-02-21T05:55:55.769545,False
TX_000916,38,84.66,Walmart,US,DEV_368,2026-02-21T17:55:55.769545,False
TX_000917,11,181.93,Target,AU,DEV_110,2026-02-24T05:55:55.769545,False
TX_000918,88,68.03,Netflix,AU,DEV_317,2026-02-23T07:55:55.769545,False
TX_000919,13,148.54,Target,US,DEV_670,2026-02-19T20:55:55.769545,False
TX_000920,78,186.56,Starbucks,CA,DEV_786,2026-02-25T14:55:55.769545,False
TX_000921,65,162.92,Amazon,CA,DEV_734,2026-02-23T06:55:55.769545,False
TX_000922,72,81.97,Target,UK,DEV_142,2026-02-25T09:55:55.769545,False
TX_000923,60,38.12,Starbucks,CA,DEV_235,2026-02-20T03:55:55.769545,False
TX_000924,15,108.43,Walmart,CA,DEV_420,2026-02-19T16:55:55.769545,False
TX_000925,96,102.35,Spotify,CA,DEV_469,2026-02-23T19:55:55.769545,False
TX_000926,67,176.0,Uber,CA,DEV_420,2026-02-23T20:55:55.769545,False
TX_000927,72,66.53,Starbucks,UK,DEV_973,2026-02-25T23:55:55.769545,False
TX_000928,30,15.38,Walmart,US,DEV_287,2026-02-19T14:55:55.769545,False
TX_000929,15,36.89,Starbucks,AU,DEV_606,2026-02-19T15:55:55.769545,False
TX_000930,59,197.82,Uber,AU,DEV_604,2026-02-20T09:55:55.769545,False
TX_000931,12,174.04,Amazon,CA,DEV_308,2026-02-22T05:55:55.769545,False
TX_000932,73,37.82,Uber,CA,DEV_779,2026-02-25T10:55:55.769545,False
TX_000933,54,199.61,Amazon,UK,DEV_178,2026-02-21T20:55:55.769545,False
TX_000934,37,137.0,Target,US,DEV_797,2026-02-20T12:55:55.769545,False
TX_000935,20,120.12,Amazon,CA,DEV_129,2026-02-20T01:55:55.769545,False
TX_000936,81,143.0,Starbucks,AU,DEV_375,2026-02-25T13:55:55.769545,False
TX_000937,42,69.24,Amazon,AU,DEV_849,2026-02-25T06:55:55.769545,False
TX_000938,42,173.34,Spotify,CA,DEV_917,2026-02-19T19:55:55.769545,False
TX_000939,12,111.7,Uber,AU,DEV_508,2026-02-21T22:55:55.769545,False
TX_000940,12,193.18,Spotify,AU,DEV_121,2026-02-21T10:55:55.769545,False
TX_000941,16,157.0,Target,UK,DEV_405,2026-02-24T10:55:55.769545,False
TX_000942,46,148.5,Target,UK,DEV_781,2026-02-20T05:55:55.769545,False
TX_000943,50,104.97,Starbucks,AU,DEV_587,2026-02-22T01:55:55.769545,False
TX_000944,48,87.5,Spotify,AU,DEV_728,2026-02-21T04:55:55.769545,False
TX_000945,60,88.07,Amazon,CA,DEV_792,2026-02-21T14:55:55.769545,False
TX_000946,38,144.16,Starbucks,US,DEV_579,2026-02-23T20:55:55.769545,False
TX_000947,17,161.3,Target,UK,DEV_800,2026-02-22T09:55:55.769545,False
TX_000948,71,107.0,Target,US,DEV_178,2026-02-19T16:55:55.769545,False
TX_000949,60,104.58,Starbucks,US,DEV_776,2026-02-25T06:55:55.769545,False
TX_000950,99,74.31,Uber,US,DEV_615,2026-02-19T09:55:55.769545,False
TX_000951,51,134.01,Walmart,UK,DEV_146,2026-02-20T02:55:55.769545,False
TX_000952,97,142.35,Target,AU,DEV_786,2026-02-24T00:55:55.769545,False
TX_000953,28,56.69,Spotify,UK,DEV_289,2026-02-20T01:55:55.769545,False
TX_000954,56,122.79,Spotify,US,DEV_647,2026-02-19T09:55:55.769545,False
TX_000955,62,1056.69,Unknown Store,NG,DEV_571,2026-02-23T12:55:55.769545,True
TX_000956,39,193.33,Uber,AU,DEV_733,2026-02-25T18:55:55.769545,False
TX_000957,39,136.39,Netflix,AU,DEV_189,2026-02-20T13:55:55.769545,False
TX_000958,90,42.21,Spotify,US,DEV_292,2026-02-19T11:55:55.769545,False
TX_000959,56,131.48,Netflix,UK,DEV_962,2026-02-25T21:55:55.769545,False
TX_000960,99,110.02,Amazon,CA,DEV_574,2026-02-20T18:55:55.769545,False
TX_000961,95,9.25,Walmart,UK,DEV_819,2026-02-23T22:55:55.769545,False
TX_000962,75,96.94,Spotify,AU,DEV_348,2026-02-21T08:55:55.769545,False
TX_000963,43,166.74,Starbucks,US,DEV_108,2026-02-20T07:55:55.769545,False
TX_000964,95,144.05,Starbucks,AU,DEV_692,2026-02-25T13:55:55.769545,False
TX_000965,52,199.81,Amazon,AU,DEV_597,2026-02-24T16:55:55.769545,False
TX_000966,30,124.24,Netflix,AU,DEV_831,2026-02-19T20:55:55.769545,False
TX_000967,35,87.29,Target,US,DEV_763,2026-02-23T15:55:55.769545,False
TX_000968,58,27.8,Uber,CA,DEV_814,2026-02-23T20:55:55.769545,False
TX_000969,45,1433.62,Unknown Store,CN,DEV_548,2026-02-21T16:55:55.769545,True
TX_000970,78,119.59,Netflix,CA,DEV_973,2026-02-24T04:55:55.769545,False
TX_000971,54,62.21,Netflix,AU,DEV_953,2026-02-26T04:55:55.769545,False
TX_000972,80,160.21,Spotify,UK,DEV_312,2026-02-22T05:55:55.769545,False
TX_000973,23,21.81,Starbucks,UK,DEV_304,2026-02-20T21:55:55.769545,False
TX_000974,39,24.68,Starbucks,AU,DEV_340,2026-02-21T10:55:55.769545,False
TX_000975,46,199.86,Target,CA,DEV_793,2026-02-20T21:55:55.769545,False
TX_000976,9,172.6,Uber,US,DEV_445,2026-02-23T19:55:55.769545,False
TX_000977,63,49.2,Uber,UK,DEV_364,2026-02-22T20:55:55.769545,False
TX_000978,20,155.03,Spotify,CA,DEV_973,2026-02-24T16:55:55.769545,False
TX_000979,59,25.31,Amazon,AU,DEV_961,2026-02-20T09:55:55.769545,False
TX_000980,72,157.42,Uber,US,DEV_142,2026-02-24T14:55:55.769545,False
TX_000981,47,127.84,Spotify,UK,DEV_260,2026-02-22T07:55:55.769545,False
TX_000982,20,153.58,Starbucks,US,DEV_762,2026-02-23T02:55:55.769545,False
TX_000983,57,31.87,Spotify,UK,DEV_525,2026-02-19T06:55:55.769545,False
TX_000984,65,162.78,Target,CA,DEV_275,2026-02-20T02:55:55.769545,False
TX_000985,81,144.46,Starbucks,CA,DEV_780,2026-02-21T19:55:55.769545,False
TX_000986,18,151.93,Starbucks,UK,DEV_921,2026-02-23T18:55:55.769545,False
TX_000987,4,84.82,Starbucks,CA,DEV_553,2026-02-20T18:55:55.769545,False
TX_000988,11,144.94,Uber,US,DEV_446,2026-02-22T13:55:55.769545,False
TX_000989,51,155.61,Starbucks,US,DEV_877,2026-02-19T14:55:55.769545,False
TX_000990,81,130.09,Uber,US,DEV_830,2026-02-24T18:55:55.769545,False
TX_000991,93,86.76,Netflix,CA,DEV_860,2026-02-22T13:55:55.769545,False
TX_000992,90,6.54,Target,UK,DEV_513,2026-02-23T23:55:55.769545,False
TX_000993,90,178.08,Uber,AU,DEV_453,2026-02-26T03:55:55.769545,False
TX_000994,5,43.47,Target,US,DEV_650,2026-02-22T18:55:55.769545,False
TX_000995,28,145.18,Walmart,CA,DEV_195,2026-02-24T15:55:55.769545,False
TX_000996,3,106.66,Spotify,UK,DEV_128,2026-02-24T23:55:55.769545,False
TX_000997,93,52.06,Spotify,CA,DEV_532,2026-02-24T14:55:55.769545,False
TX_000998,81,16.69,Target,CA,DEV_619,2026-02-22T23:55:55.769545,False
TX_000999,39,152.53,Amazon,AU,DEV_686,2026-02-19T06:55:55.769545,False
TX_001000,45,196.68,Spotify,UK,DEV_406,2026-02-22T05:55:55.769545,False
TX_MUSIC_20260226_075255,32,67.75,Spotify,US,DEV_MUSIC_780,2026-02-26T07:52:55.329887,0
TX_MUSIC_20260226_075521,87,87.88,Spotify,US,DEV_MUSIC_132,2026-02-26T07:55:21.574988,0
TX_MUSIC_20260226_075759,22,65.4,Spotify,US,DEV_MUSIC_895,2026-02-26T07:57:59.105241,0
TX_MUSIC_20260226_080251,74,106.28,Spotify,US,DEV_MUSIC_786,2026-02-26T08:02:51.566277,0
TX_MUSIC_20260226_080551,16,148.69,Spotify,US,DEV_MUSIC_896,2026-02-26T08:05:51.561182,0
TX_MUSIC_20260226_080936,87,16.55,Spotify,US,DEV_MUSIC_325,2026-02-26T08:09:36.571537,0
TX_MUSIC_20260226_081214,22,42.05,Spotify,US,DEV_MUSIC_815,2026-02-26T08:12:14.084697,0
TX_MUSIC_20260226_081547,42,134.18,Spotify,US,DEV_MUSIC_418,2026-02-26T08:15:47.832865,0
TX_MUSIC_20260226_082006,78,56.71,Spotify,US,DEV_MUSIC_580,2026-02-26T08:20:06.569467,0
TX_MUSIC_20260226_082232,70,115.58,Spotify,US,DEV_MUSIC_619,2026-02-26T08:22:32.814487,0
TX_MUSIC_20260226_082651,50,105.58,Spotify,US,DEV_MUSIC_342,2026-02-26T08:26:51.565448,0
TX_MUSIC_20260226_083036,6,111.58,Spotify,US,DEV_MUSIC_927,2026-02-26T08:30:36.570247,0
TX_MUSIC_20260226_083347,82,136.83,Spotify,US,DEV_MUSIC_814,2026-02-26T08:33:47.837231,0
TX_MUSIC_20260226_083625,57,126.27,Spotify,US,DEV_MUSIC_685,2026-02-26T08:36:25.322903,0
TX_MUSIC_20260226_084044,75,97.55,Spotify,US,DEV_MUSIC_315,2026-02-26T08:40:44.085038,0
TX_MUSIC_20260226_084321,81,122.79,Spotify,US,DEV_MUSIC_898,2026-02-26T08:43:21.570164,0
TX_MUSIC_20260226_084621,81,135.85,Spotify,US,DEV_MUSIC_483,2026-02-26T08:46:21.567374,0
TX_MUSIC_20260226_085040,56,87.5,Spotify,US,DEV_MUSIC_634,2026-02-26T08:50:40.341360,0
TX_MUSIC_20260226_085459,81,71.57,Spotify,US,DEV_MUSIC_825,2026-02-26T08:54:59.091425,0
TX_MUSIC_20260226_085832,5,24.46,Spotify,US,DEV_MUSIC_164,2026-02-26T08:58:32.837991,0
TX_MUSIC_20260226_090144,74,114.71,Spotify,US,DEV_MUSIC_321,2026-02-26T09:01:44.073338,0
TX_MUSIC_20260226_090602,63,33.09,Spotify,US,DEV_MUSIC_312,2026-02-26T09:06:02.848353,0
TX_MUSIC_20260226_091021,42,140.0,Spotify,US,DEV_MUSIC_791,2026-02-26T09:10:21.576328,0
TX_MUSIC_20260226_093143,62,75.23,Spotify,US,DEV_MUSIC_675,2026-02-26T09:31:43.288961,0
TX_MUSIC_20260226_093239,82,146.45,Spotify,US,DEV_MUSIC_947,2026-02-26T09:32:39.499612,0
TX_MUSIC_20260226_093709,88,15.13,Spotify,US,DEV_MUSIC_481,2026-02-26T09:37:09.509702,0
TX_MUSIC_20260226_094116,21,79.94,Spotify,US,DEV_MUSIC_946,2026-02-26T09:41:16.995358,0
TX_MUSIC_20260226_094405,10,149.14,Spotify,US,DEV_MUSIC_273,2026-02-26T09:44:05.775935,0
TX_MUSIC_20260226_094705,66,91.26,Spotify,US,DEV_MUSIC_173,2026-02-26T09:47:05.754390,0
TX_MUSIC_20260226_094943,47,123.66,Spotify,US,DEV_MUSIC_826,2026-02-26T09:49:43.248036,0
TX_MUSIC_20260226_095350,13,73.62,Spotify,US,DEV_MUSIC_926,2026-02-26T09:53:50.744098,0
TX_MUSIC_20260226_095747,20,79.86,Spotify,US,DEV_MUSIC_755,2026-02-26T09:57:47.005220,0
TX_MUSIC_20260226_101504,4,54.05,Spotify,US,DEV_MUSIC_397,2026-02-26T10:15:04.736635,0
TX_MUSIC_20260226_101719,96,107.42,Spotify,US,DEV_MUSIC_516,2026-02-26T10:17:19.720665,0
TX_MUSIC_20260226_102127,55,27.78,Spotify,US,DEV_MUSIC_670,2026-02-26T10:21:27.241607,0
TX_MUSIC_20260226_102619,72,139.75,Spotify,US,DEV_MUSIC_615,2026-02-26T10:26:19.722638,0
TX_MUSIC_20260226_102953,56,119.76,Spotify,US,DEV_MUSIC_464,2026-02-26T10:29:53.457612,0
TX_MUSIC_20260226_103304,51,33.04,Spotify,US,DEV_MUSIC_786,2026-02-26T10:33:04.705922,0
TX_MUSIC_20260226_103542,61,64.46,Spotify,US,DEV_MUSIC_692,2026-02-26T10:35:42.193457,0
TX_MUSIC_20260226_103853,31,55.09,Spotify,US,DEV_MUSIC_200,2026-02-26T10:38:53.455703,0
TX_MUSIC_20260226_104100,29,144.57,Spotify,US,DEV_MUSIC_957,2026-02-26T10:41:00.580852,0
TX_MUSIC_20260226_104208,43,63.48,Spotify,US,DEV_MUSIC_257,2026-02-26T10:42:08.056404,0
TX_MUSIC_20260226_104615,26,59.39,Spotify,US,DEV_MUSIC_748,2026-02-26T10:46:15.900012,0
TX_MUSIC_20260226_104949,3,105.71,Spotify,US,DEV_MUSIC_643,2026-02-26T10:49:49.654046,0
TX_MUSIC_20260226_105357,98,66.34,Spotify,US,DEV_MUSIC_829,2026-02-26T10:53:57.119114,0
TX_MUSIC_20260226_105730,5,131.73,Spotify,US,DEV_MUSIC_543,2026-02-26T10:57:30.894876,0
TX_MUSIC_20260226_110234,92,34.36,Spotify,US,DEV_MUSIC_497,2026-02-26T11:02:34.629357,0
TX_MUSIC_20260226_110630,33,33.91,Spotify,US,DEV_MUSIC_671,2026-02-26T11:06:30.890639,0
TX_MUSIC_20260226_110834,91,10.96,Spotify,US,DEV_MUSIC_587,2026-02-26T11:08:34.634984,0
TX_MUSIC_20260226_111112,19,27.08,Spotify,US,DEV_MUSIC_695,2026-02-26T11:11:12.141324,0
TX_MUSIC_20260226_111445,19,93.1,Spotify,US,DEV_MUSIC_591,2026-02-26T11:14:45.877644,0
TX_MUSIC_20260226_111830,14,78.83,Spotify,US,DEV_MUSIC_793,2026-02-26T11:18:30.870907,0
TX_MUSIC_20260226_112119,100,99.64,Spotify,US,DEV_MUSIC_866,2026-02-26T11:21:19.644438,0
TX_MUSIC_20260226_112527,95,45.98,Spotify,US,DEV_MUSIC_620,2026-02-26T11:25:27.111953,0
TX_MUSIC_20260226_112912,15,140.48,Spotify,US,DEV_MUSIC_676,2026-02-26T11:29:12.118167,0
TX_MUSIC_20260226_113115,100,95.24,Spotify,US,DEV_MUSIC_376,2026-02-26T11:31:15.889114,0
TX_MUSIC_20260226_113404,11,125.16,Spotify,US,DEV_MUSIC_453,2026-02-26T11:34:04.642981,0
TX_MUSIC_20260226_113738,27,131.72,Spotify,US,DEV_MUSIC_791,2026-02-26T11:37:38.419608,0
TX_MUSIC_20260226_114038,89,138.01,Spotify,US,DEV_MUSIC_144,2026-02-26T11:40:38.390377,0
TX_MUSIC_20260226_114445,26,48.67,Spotify,US,DEV_MUSIC_945,2026-02-26T11:44:45.880164,0
TX_MUSIC_20260226_114808,30,77.91,Spotify,US,DEV_MUSIC_350,2026-02-26T11:48:08.381227,0
TX_MUSIC_20260226_115048,85,20.92,Spotify,US,DEV_MUSIC_797,2026-02-26T11:50:48.459194,0
TX_MUSIC_20260226_115207,70,102.3,Spotify,US,DEV_MUSIC_422,2026-02-26T11:52:07.188327,0
TX_MUSIC_20260226_115603,8,144.28,Spotify,US,DEV_MUSIC_212,2026-02-26T11:56:03.446808,0
TX_MUSIC_20260226_115659,69,106.21,Spotify,US,DEV_MUSIC_197,2026-02-26T11:56:59.159504,0
TX_MUSIC_20260226_115902,45,113.65,Spotify,US,DEV_MUSIC_141,2026-02-26T11:59:02.930548,0
TX_MUSIC_20260226_120225,15,61.88,Spotify,US,DEV_MUSIC_580,2026-02-26T12:02:25.411906,0
TX_MUSIC_20260226_120717,53,146.37,Spotify,US,DEV_MUSIC_892,2026-02-26T12:07:17.911120,0
TX_MUSIC_20260226_121040,97,106.19,Spotify,US,DEV_MUSIC_508,2026-02-26T12:10:40.425900,0
TX_MUSIC_20260226_121329,78,108.35,Spotify,US,DEV_MUSIC_606,2026-02-26T12:13:29.153947,0
TX_MUSIC_20260226_134605,21,91.75,Spotify,US,DEV_MUSIC_819,2026-02-26T13:46:05.180160,0
TX_MUSIC_20260226_135117,62,22.35,Spotify,US,DEV_MUSIC_952,2026-02-26T13:51:17.320749,0
TX_MUSIC_20260226_140908,47,53.26,Spotify,US,DEV_MUSIC_251,2026-02-26T14:09:08.761517,0
TX_MUSIC_20260226_142350,25,146.27,Spotify,US,DEV_MUSIC_318,2026-02-26T14:23:50.106636,0
TX_MUSIC_20260226_142446,28,73.62,Spotify,US,DEV_MUSIC_259,2026-02-26T14:24:46.328075,0
TX_MUSIC_20260226_142757,65,64.91,Spotify,US,DEV_MUSIC_720,2026-02-26T14:27:57.581315,0
TX_MUSIC_20260226_143131,61,126.06,Spotify,US,DEV_MUSIC_763,2026-02-26T14:31:31.329025,0
TX_MUSIC_20260226_143442,4,140.99,Spotify,US,DEV_MUSIC_329,2026-02-26T14:34:42.597995,0
TX_MUSIC_20260226_143753,22,106.86,Spotify,US,DEV_MUSIC_140,2026-02-26T14:37:53.854147,0
TX_MUSIC_20260226_144116,44,47.91,Spotify,US,DEV_MUSIC_377,2026-02-26T14:41:16.327040,0
TX_MUSIC_20260226_144427,92,35.73,Spotify,US,DEV_MUSIC_994,2026-02-26T14:44:27.588746,0
TX_MUSIC_20260226_144835,12,76.6,Spotify,US,DEV_MUSIC_416,2026-02-26T14:48:35.096946,0
TX_MUSIC_20260226_145911,9,56.04,Spotify,US,DEV_MUSIC_785,2026-02-26T14:59:11.759574,0
TX_MUSIC_20260226_145923,32,76.69,Spotify,US,DEV_MUSIC_420,2026-02-26T14:59:23.037506,0
TX_MUSIC_20260226_150223,51,67.99,Spotify,US,DEV_MUSIC_308,2026-02-26T15:02:23.020177,0
TX_MUSIC_20260226_150545,37,38.73,Spotify,US,DEV_MUSIC_295,2026-02-26T15:05:45.517489,0
TX_MUSIC_20260226_150908,60,11.82,Spotify,US,DEV_MUSIC_380,2026-02-26T15:09:08.002359,0
TX_MUSIC_20260226_151241,82,148.06,Spotify,US,DEV_MUSIC_750,2026-02-26T15:12:41.776509,0
TX_MUSIC_20260226_151626,16,102.46,Spotify,US,DEV_MUSIC_859,2026-02-26T15:16:26.772825,0
TX_MUSIC_20260226_151938,88,96.99,Spotify,US,DEV_MUSIC_442,2026-02-26T15:19:38.012888,0
TX_MUSIC_20260226_152419,39,83.63,Spotify,US,DEV_MUSIC_469,2026-02-26T15:24:19.261620,0
TX_MUSIC_20260226_152730,22,20.7,Spotify,US,DEV_MUSIC_699,2026-02-26T15:27:30.522509,0
TX_MUSIC_20260226_153052,39,147.02,Spotify,US,DEV_MUSIC_669,2026-02-26T15:30:52.994743,0
TX_MUSIC_20260226_153353,63,33.91,Spotify,US,DEV_MUSIC_643,2026-02-26T15:33:53.009881,0
TX_MUSIC_20260226_154040,17,127.45,Spotify,US,DEV_MUSIC_294,2026-02-26T15:40:40.084312,0
TX_MUSIC_20260226_154413,26,35.76,Spotify,US,DEV_MUSIC_174,2026-02-26T15:44:13.827050,0
TX_MUSIC_20260226_154810,67,16.0,Spotify,US,DEV_MUSIC_489,2026-02-26T15:48:10.082072,0
TX_MUSIC_20260226_155132,59,130.82,Spotify,US,DEV_MUSIC_866,2026-02-26T15:51:32.562531,0
TX_MUSIC_20260226_155506,31,96.5,Spotify,US,DEV_MUSIC_853,2026-02-26T15:55:06.326953,0
TX_MUSIC_20260226_155732,40,139.62,Spotify,US,DEV_MUSIC_199,2026-02-26T15:57:32.579452,0
TX_MUSIC_20260226_160117,79,145.16,Spotify,US,DEV_MUSIC_803,2026-02-26T16:01:17.572973,0
TX_MUSIC_20260226_160451,55,114.5,Spotify,US,DEV_MUSIC_124,2026-02-26T16:04:51.305839,0
TX_MUSIC_20260226_160813,19,109.92,Spotify,US,DEV_MUSIC_695,2026-02-26T16:08:13.841798,0
TX_MUSIC_20260226_161158,7,45.3,Spotify,US,DEV_MUSIC_161,2026-02-26T16:11:58.823367,0
TX_MUSIC_20260226_161532,93,42.2,Spotify,US,DEV_MUSIC_522,2026-02-26T16:15:32.586584,0
TX_MUSIC_20260226_161821,2,93.85,Spotify,US,DEV_MUSIC_533,2026-02-26T16:18:21.322533,0
TX_MUSIC_20260226_162036,12,119.29,Spotify,US,DEV_MUSIC_363,2026-02-26T16:20:36.285448,0
TX_MUSIC_20260226_162410,14,12.39,Spotify,US,DEV_MUSIC_634,2026-02-26T16:24:10.064313,0
TX_MUSIC_20260226_162613,72,68.24,Spotify,US,DEV_MUSIC_109,2026-02-26T16:26:13.834257,0
TX_MUSIC_20260226_162947,40,49.11,Spotify,US,DEV_MUSIC_223,2026-02-26T16:29:47.574303,0
TX_MUSIC_20260226_163140,100,55.25,Spotify,US,DEV_MUSIC_626,2026-02-26T16:31:40.068768,0
TX_MUSIC_20260226_163536,72,10.22,Spotify,US,DEV_MUSIC_982,2026-02-26T16:35:36.317557,0
TX_MUSIC_20260226_163802,87,61.06,Spotify,US,DEV_MUSIC_277,2026-02-26T16:38:02.564879,0
TX_MUSIC_20260226_164147,96,125.22,Spotify,US,DEV_MUSIC_950,2026-02-26T16:41:47.565739,0
TX_MUSIC_20260226_164532,37,73.72,Spotify,US,DEV_MUSIC_278,2026-02-26T16:45:32.599107,0
TX_MUSIC_20260226_164928,33,48.83,Spotify,US,DEV_MUSIC_129,2026-02-26T16:49:28.833771,0
TX_MUSIC_20260226_165251,41,119.66,Spotify,US,DEV_MUSIC_132,2026-02-26T16:52:51.294251,0
TX_MUSIC_20260226_165551,52,100.14,Spotify,US,DEV_MUSIC_249,2026-02-26T16:55:51.322731,0
TX_MUSIC_20260226_165851,6,98.76,Spotify,US,DEV_MUSIC_656,2026-02-26T16:58:51.304975,0
TX_MUSIC_20260226_170236,78,143.44,Spotify,US,DEV_MUSIC_800,2026-02-26T17:02:36.319731,0
TX_MUSIC_20260226_170621,24,130.34,Spotify,US,DEV_MUSIC_768,2026-02-26T17:06:21.308417,0
TX_MUSIC_20260226_171028,87,97.78,Spotify,US,DEV_MUSIC_322,2026-02-26T17:10:28.825841,0
TX_MUSIC_20260226_171340,94,27.15,Spotify,US,DEV_MUSIC_534,2026-02-26T17:13:40.074365,0
TX_MUSIC_20260226_171758,11,98.39,Spotify,US,DEV_MUSIC_159,2026-02-26T17:17:58.808051,0
TX_MUSIC_20260226_172217,14,62.4,Spotify,US,DEV_MUSIC_199,2026-02-26T17:22:17.549999,0
TX_MUSIC_20260226_172551,67,111.27,Spotify,US,DEV_MUSIC_795,2026-02-26T17:25:51.319887,0
TX_MUSIC_20260226_173021,11,140.84,Spotify,US,DEV_MUSIC_359,2026-02-26T17:30:21.303565,0
TX_MUSIC_20260226_173443,29,106.33,Spotify,US,DEV_MUSIC_874,2026-02-26T17:34:43.796656,0
TX_MUSIC_20260226_173828,98,117.31,Spotify,US,DEV_MUSIC_117,2026-02-26T17:38:28.779239,0
